-- MySQL dump 10.13  Distrib 8.4.0, for Win64 (x86_64)
--
-- Host: localhost    Database: smartiot
-- ------------------------------------------------------
-- Server version	8.4.0

/*!40101 SET @OLD_CHARACTER_SET_CLIENT=@@CHARACTER_SET_CLIENT */;
/*!40101 SET @OLD_CHARACTER_SET_RESULTS=@@CHARACTER_SET_RESULTS */;
/*!40101 SET @OLD_COLLATION_CONNECTION=@@COLLATION_CONNECTION */;
/*!50503 SET NAMES utf8mb4 */;
/*!40103 SET @OLD_TIME_ZONE=@@TIME_ZONE */;
/*!40103 SET TIME_ZONE='+00:00' */;
/*!40014 SET @OLD_UNIQUE_CHECKS=@@UNIQUE_CHECKS, UNIQUE_CHECKS=0 */;
/*!40014 SET @OLD_FOREIGN_KEY_CHECKS=@@FOREIGN_KEY_CHECKS, FOREIGN_KEY_CHECKS=0 */;
/*!40101 SET @OLD_SQL_MODE=@@SQL_MODE, SQL_MODE='NO_AUTO_VALUE_ON_ZERO' */;
/*!40111 SET @OLD_SQL_NOTES=@@SQL_NOTES, SQL_NOTES=0 */;

--
-- Table structure for table `ac`
--

DROP TABLE IF EXISTS `ac`;
/*!40101 SET @saved_cs_client     = @@character_set_client */;
/*!50503 SET character_set_client = utf8mb4 */;
CREATE TABLE `ac` (
  `id` bigint NOT NULL,
  `current_temp` double DEFAULT NULL,
  `fan_speed` enum('AUTO','HIGH','LOW','MEDIUM') DEFAULT NULL,
  `mode` enum('AUTO','COOL','FAN','HEAT') DEFAULT NULL,
  `target_temp` double DEFAULT NULL,
  PRIMARY KEY (`id`),
  CONSTRAINT `FKf91cnl6kisy6k2dt5l4dvjdsu` FOREIGN KEY (`id`) REFERENCES `device` (`id`)
) ENGINE=InnoDB DEFAULT CHARSET=utf8mb4 COLLATE=utf8mb4_0900_ai_ci;
/*!40101 SET character_set_client = @saved_cs_client */;

--
-- Dumping data for table `ac`
--

LOCK TABLES `ac` WRITE;
/*!40000 ALTER TABLE `ac` DISABLE KEYS */;
INSERT INTO `ac` VALUES (1,36.10566188089186,'LOW','COOL',25),(2,35.484668165320215,'LOW','COOL',25),(3,35.59210116356393,'LOW','COOL',25),(4,35.37429555939772,'LOW','COOL',25),(5,35.290497087693915,'LOW','COOL',25),(6,35.664700181067104,'LOW','COOL',25);
/*!40000 ALTER TABLE `ac` ENABLE KEYS */;
UNLOCK TABLES;

--
-- Table structure for table `air_purifier`
--

DROP TABLE IF EXISTS `air_purifier`;
/*!40101 SET @saved_cs_client     = @@character_set_client */;
/*!50503 SET character_set_client = utf8mb4 */;
CREATE TABLE `air_purifier` (
  `id` bigint NOT NULL,
  `air_quality` int NOT NULL,
  `fan_speed` int NOT NULL,
  `operating_time` double DEFAULT NULL,
  PRIMARY KEY (`id`),
  CONSTRAINT `FK6n7gmtpxxwf8bqy7hoig88si5` FOREIGN KEY (`id`) REFERENCES `device` (`id`)
) ENGINE=InnoDB DEFAULT CHARSET=utf8mb4 COLLATE=utf8mb4_0900_ai_ci;
/*!40101 SET character_set_client = @saved_cs_client */;

--
-- Dumping data for table `air_purifier`
--

LOCK TABLES `air_purifier` WRITE;
/*!40000 ALTER TABLE `air_purifier` DISABLE KEYS */;
INSERT INTO `air_purifier` VALUES (13,294,8,0.19999999999999954),(14,378,8,0.19999999999999954),(15,285,8,0.20138888888888842),(16,337,8,0.19999999999999954),(17,310,8,0.20138888888888842),(18,224,8,0.19999999999999954);
/*!40000 ALTER TABLE `air_purifier` ENABLE KEYS */;
UNLOCK TABLES;

--
-- Table structure for table `announcement`
--

DROP TABLE IF EXISTS `announcement`;
/*!40101 SET @saved_cs_client     = @@character_set_client */;
/*!50503 SET character_set_client = utf8mb4 */;
CREATE TABLE `announcement` (
  `id` bigint NOT NULL AUTO_INCREMENT,
  `content` varchar(255) DEFAULT NULL,
  `publish_time` date DEFAULT NULL,
  `title` varchar(255) DEFAULT NULL,
  PRIMARY KEY (`id`)
) ENGINE=InnoDB AUTO_INCREMENT=7 DEFAULT CHARSET=utf8mb4 COLLATE=utf8mb4_0900_ai_ci;
/*!40101 SET character_set_client = @saved_cs_client */;

--
-- Dumping data for table `announcement`
--

LOCK TABLES `announcement` WRITE;
/*!40000 ALTER TABLE `announcement` DISABLE KEYS */;
INSERT INTO `announcement` VALUES (1,'迎接炎炎夏日的挑戰，我們推出全新一代冷氣機系列！不僅能迅速降溫，還擁有智慧節能功能，讓您享受清涼同時節省能源。立即加入我們的夏日清爽大作戰，感受為您量身打造的舒適體驗！','2024-07-17','夏日清爽大作戰！全新冷氣機登場！'),(2,'無論是辦公室還是家中，清新的空氣是健康的基石。我們自豪地推出全新一代空氣清淨機，配備先進的HEPA濾芯和活性碳過濾技術，有效過濾空氣中的微粒子和有害氣體。無論是花粉、塵螨還是異味，我們都能為您營造一個清新健康的空氣環境。','2024-07-17','空氣清新，健康無憂！全新空氣清淨機上市！'),(3,'面對潮濕的天氣和狹小的空間，潮濕問題成為眾多辦公室和家庭的困擾。我們誠摯推出全新一代除濕機，配備強大的抽濕能力和智慧感應控制，有效調節室內濕度，讓您遠離黴菌和霉變，享受清爽乾燥的空氣品質。','2024-07-17','湿度問題一掃而空！全新除濕機震撼登場!'),(4,'照明不僅僅是照亮空間，更是賦予生活色彩的關鍵。我們將在本周舉行全新智慧燈具發佈會，展示最先進的照明解決方案，包括可調光、遠程控制和自動化情境設置等功能。讓每一次照明都成為一場藝術饗宴，點亮您的生活！','2024-07-17','照亮未來，點亮生活！全新智慧燈具發佈會！'),(5,'最新版本的咖啡機增加了自動清潔功能，每天清潔時間為早上6點。','2024-07-17','咖啡機功能更新公告'),(6,'本周五健身房將舉辦「瑜伽舒展」活動，時間為晚上7點至8點。','2024-07-17','健身房本周活動公告');
/*!40000 ALTER TABLE `announcement` ENABLE KEYS */;
UNLOCK TABLES;

--
-- Table structure for table `announcement_room_ids`
--

DROP TABLE IF EXISTS `announcement_room_ids`;
/*!40101 SET @saved_cs_client     = @@character_set_client */;
/*!50503 SET character_set_client = utf8mb4 */;
CREATE TABLE `announcement_room_ids` (
  `announcement_id` bigint NOT NULL,
  `room_ids` bigint DEFAULT NULL,
  KEY `FK14oo49k9dotjydwscfycdgih8` (`announcement_id`),
  CONSTRAINT `FK14oo49k9dotjydwscfycdgih8` FOREIGN KEY (`announcement_id`) REFERENCES `announcement` (`id`)
) ENGINE=InnoDB DEFAULT CHARSET=utf8mb4 COLLATE=utf8mb4_0900_ai_ci;
/*!40101 SET character_set_client = @saved_cs_client */;

--
-- Dumping data for table `announcement_room_ids`
--

LOCK TABLES `announcement_room_ids` WRITE;
/*!40000 ALTER TABLE `announcement_room_ids` DISABLE KEYS */;
INSERT INTO `announcement_room_ids` VALUES (1,1),(1,2),(1,3),(1,4),(1,5),(1,6),(2,1),(2,2),(2,3),(2,4),(2,5),(2,6),(3,1),(3,2),(3,3),(3,4),(3,5),(3,6),(4,1),(4,2),(4,3),(4,4),(4,5),(4,6),(5,1),(5,2),(5,3),(5,4),(5,5),(5,6),(6,1),(6,2),(6,3),(6,4),(6,5),(6,6);
/*!40000 ALTER TABLE `announcement_room_ids` ENABLE KEYS */;
UNLOCK TABLES;

--
-- Table structure for table `dehumidifier`
--

DROP TABLE IF EXISTS `dehumidifier`;
/*!40101 SET @saved_cs_client     = @@character_set_client */;
/*!50503 SET character_set_client = utf8mb4 */;
CREATE TABLE `dehumidifier` (
  `id` bigint NOT NULL,
  `current_humidity` double DEFAULT NULL,
  `fan_speed` enum('AUTO','HIGH','LOW','MEDIUM') DEFAULT NULL,
  `tank_capacity` double DEFAULT NULL,
  `target_humidity` double DEFAULT NULL,
  PRIMARY KEY (`id`),
  CONSTRAINT `FK1myqt0cncg0llryf1km3l8oie` FOREIGN KEY (`id`) REFERENCES `device` (`id`)
) ENGINE=InnoDB DEFAULT CHARSET=utf8mb4 COLLATE=utf8mb4_0900_ai_ci;
/*!40101 SET character_set_client = @saved_cs_client */;

--
-- Dumping data for table `dehumidifier`
--

LOCK TABLES `dehumidifier` WRITE;
/*!40000 ALTER TABLE `dehumidifier` DISABLE KEYS */;
INSERT INTO `dehumidifier` VALUES (7,99.18422378794517,NULL,4.531614532253675,45),(8,99.12747872471569,NULL,4.338310720164692,45),(9,91.15100708477304,NULL,4.59826376568592,45),(10,90.09377738964247,NULL,4.285766999894392,45),(11,92.2798891826184,NULL,4.2417659787525634,45),(12,98.20592834915364,NULL,4.214217670210654,45);
/*!40000 ALTER TABLE `dehumidifier` ENABLE KEYS */;
UNLOCK TABLES;

--
-- Table structure for table `device`
--

DROP TABLE IF EXISTS `device`;
/*!40101 SET @saved_cs_client     = @@character_set_client */;
/*!50503 SET character_set_client = utf8mb4 */;
CREATE TABLE `device` (
  `id` bigint NOT NULL AUTO_INCREMENT,
  `name` varchar(255) DEFAULT NULL,
  `power_consumption_rate` double DEFAULT NULL,
  `status` bit(1) DEFAULT NULL,
  `time` datetime(6) DEFAULT NULL,
  `type` varchar(255) DEFAULT NULL,
  `room_id` bigint DEFAULT NULL,
  PRIMARY KEY (`id`),
  KEY `FK8nnipnjiephps7atqdnvmfndp` (`room_id`),
  CONSTRAINT `FK8nnipnjiephps7atqdnvmfndp` FOREIGN KEY (`room_id`) REFERENCES `room` (`id`)
) ENGINE=InnoDB AUTO_INCREMENT=25 DEFAULT CHARSET=utf8mb4 COLLATE=utf8mb4_0900_ai_ci;
/*!40101 SET character_set_client = @saved_cs_client */;

--
-- Dumping data for table `device`
--

LOCK TABLES `device` WRITE;
/*!40000 ALTER TABLE `device` DISABLE KEYS */;
INSERT INTO `device` VALUES (1,'冷氣機01',1.43,_binary '\0','2024-07-17 10:43:35.679021','冷氣機',1),(2,'冷氣機02',1.43,_binary '\0','2024-07-17 10:44:01.721950','冷氣機',2),(3,'冷氣機03',1.43,_binary '\0','2024-07-17 10:44:11.708410','冷氣機',3),(4,'冷氣機04',1.43,_binary '\0','2024-07-17 10:44:16.768122','冷氣機',4),(5,'冷氣機05',1.43,_binary '\0','2024-07-17 10:44:20.712972','冷氣機',5),(6,'冷氣機06',1.43,_binary '\0','2024-07-17 10:44:24.099239','冷氣機',6),(7,'除濕機01',0.19,_binary '\0','2024-07-17 10:45:00.645309','除濕機',1),(8,'除濕機02',0.19,_binary '\0','2024-07-17 10:46:44.383153','除濕機',2),(9,'除濕機03',0.19,_binary '\0','2024-07-17 10:46:49.245637','除濕機',3),(10,'除濕機04',0.19,_binary '\0','2024-07-17 10:46:53.845814','除濕機',4),(11,'除濕機05',0.19,_binary '\0','2024-07-17 10:46:58.340659','除濕機',5),(12,'除濕機06',0.19,_binary '\0','2024-07-17 10:47:04.144325','除濕機',6),(13,'空氣清淨機01',0.048,_binary '\0','2024-07-17 10:47:42.598835','空氣清淨機',1),(14,'空氣清淨機02',0.048,_binary '\0','2024-07-17 10:47:48.517467','空氣清淨機',2),(15,'空氣清淨機03',0.048,_binary '\0','2024-07-17 10:47:53.456302','空氣清淨機',3),(16,'空氣清淨機04',0.048,_binary '\0','2024-07-17 10:48:19.833899','空氣清淨機',4),(17,'空氣清淨機05',0.048,_binary '\0','2024-07-17 10:48:25.219845','空氣清淨機',5),(18,'空氣清淨機06',0.048,_binary '\0','2024-07-17 10:48:29.889859','空氣清淨機',6),(19,'燈01',0.04,_binary '','2024-07-17 10:48:45.343216','燈',1),(20,'燈02',0.04,_binary '','2024-07-17 10:48:49.246594','燈',2),(21,'燈03',0.04,_binary '','2024-07-17 10:48:54.220066','燈',3),(22,'燈04',0.04,_binary '','2024-07-17 10:48:58.121352','燈',4),(23,'燈05',0.04,_binary '','2024-07-17 10:49:01.503692','燈',5),(24,'燈06',0.04,_binary '','2024-07-17 10:49:10.188181','燈',6);
/*!40000 ALTER TABLE `device` ENABLE KEYS */;
UNLOCK TABLES;

--
-- Table structure for table `history`
--

DROP TABLE IF EXISTS `history`;
/*!40101 SET @saved_cs_client     = @@character_set_client */;
/*!50503 SET character_set_client = utf8mb4 */;
CREATE TABLE `history` (
  `id` bigint NOT NULL AUTO_INCREMENT,
  `detail` varchar(255) DEFAULT NULL,
  `device_id` bigint NOT NULL,
  `event_id` varchar(255) NOT NULL,
  `event_time` datetime(6) NOT NULL,
  `event_type` varchar(255) NOT NULL,
  PRIMARY KEY (`id`)
) ENGINE=InnoDB AUTO_INCREMENT=6532 DEFAULT CHARSET=utf8mb4 COLLATE=utf8mb4_0900_ai_ci;
/*!40101 SET character_set_client = @saved_cs_client */;

--
-- Dumping data for table `history`
--

LOCK TABLES `history` WRITE;
/*!40000 ALTER TABLE `history` DISABLE KEYS */;
INSERT INTO `history` VALUES (1,'{\"roomArea\":\"600\",\"roomName\":\"公司01\",\"roomType\":\"公司\"}',1,'616e7ec1-37cb-4692-8f29-b390a9ce84b7','2024-01-01 10:38:20.342376','新增房間'),(2,'{\"roomArea\":\"601\",\"roomName\":\"會議室01\",\"roomType\":\"會議室\"}',2,'42f8a704-cbb0-4325-9b11-34bb7f8a4e2c','2024-01-01 10:39:27.182940','新增房間'),(3,'{\"roomArea\":\"602\",\"roomName\":\"公共區域01\",\"roomType\":\"公共區域\"}',3,'2de9678b-89bb-45ee-934a-16d6afa78120','2024-01-01 10:39:50.283256','新增房間'),(4,'{\"roomArea\":\"603\",\"roomName\":\"機房01\",\"roomType\":\"機房\"}',4,'29edd479-03a2-4f5d-b852-a7027fe89428','2024-01-01 10:40:13.607919','新增房間'),(5,'{\"roomArea\":\"604\",\"roomName\":\"教室01\",\"roomType\":\"教室\"}',5,'93e1953a-5cf4-4af2-b3dd-64d8461769b0','2024-01-01 10:40:51.715252','新增房間'),(6,'{\"roomArea\":\"605\",\"roomName\":\"其他01\",\"roomType\":\"其他\"}',6,'6bf610ac-21b6-403b-b419-797fce0331f1','2024-01-01 10:41:15.207539','新增房間'),(7,'{\"deviceType\":\"冷氣機\",\"roomArea\":\"600\",\"deviceName\":\"冷氣機01\",\"roomName\":\"公司02\"}',1,'6778b924-1ad9-45bb-8b2c-dfcace9b8c5f','2024-01-01 10:43:35.700334','新增設備'),(8,'{\"deviceType\":\"冷氣機\",\"roomArea\":\"601\",\"deviceName\":\"冷氣機02\",\"roomName\":\"會議室01\"}',2,'7e25261c-c3cb-49d0-87fd-a781967bb68a','2024-01-01 10:44:01.732958','新增設備'),(9,'{\"deviceType\":\"冷氣機\",\"roomArea\":\"602\",\"deviceName\":\"冷氣機03\",\"roomName\":\"公共區域01\"}',3,'84caeecc-16a0-4597-a449-2493aa91c3f0','2024-01-01 10:44:11.720975','新增設備'),(10,'{\"deviceType\":\"冷氣機\",\"roomArea\":\"603\",\"deviceName\":\"冷氣機04\",\"roomName\":\"廁所01\"}',4,'a09d999d-a66d-44df-a2a0-fa94afc7cefd','2024-01-01 10:44:16.778904','新增設備'),(11,'{\"deviceType\":\"冷氣機\",\"roomArea\":\"604\",\"deviceName\":\"冷氣機05\",\"roomName\":\"教室01\"}',5,'4089926f-7a13-4144-99d1-6b9b324bda60','2024-01-01 10:44:20.723888','新增設備'),(12,'{\"deviceType\":\"冷氣機\",\"roomArea\":\"605\",\"deviceName\":\"冷氣機06\",\"roomName\":\"其他01\"}',6,'05a9a769-6b0c-41a9-b3bf-04b8a08bee21','2024-01-01 10:44:24.109304','新增設備'),(13,'{\"deviceType\":\"除濕機\",\"roomArea\":\"600\",\"deviceName\":\"除濕機01\",\"roomName\":\"公司02\"}',7,'adfaa597-1434-48cc-9dda-3044419a0970','2024-01-01 10:45:00.655309','新增設備'),(14,'{\"deviceType\":\"除濕機\",\"roomArea\":\"601\",\"deviceName\":\"除濕機02\",\"roomName\":\"會議室01\"}',8,'a08cf60f-a311-4307-95ac-f93efe1556ce','2024-01-01 10:46:44.391723','新增設備'),(15,'{\"deviceType\":\"除濕機\",\"roomArea\":\"602\",\"deviceName\":\"除濕機03\",\"roomName\":\"公共區域01\"}',9,'49ff3dda-01f0-4df8-9447-08fa99ed0d83','2024-01-01 10:46:49.254823','新增設備'),(16,'{\"deviceType\":\"除濕機\",\"roomArea\":\"603\",\"deviceName\":\"除濕機04\",\"roomName\":\"廁所01\"}',10,'90efec79-0c61-4f4b-97ac-c35fda7709b3','2024-01-01 10:46:53.852670','新增設備'),(17,'{\"deviceType\":\"除濕機\",\"roomArea\":\"604\",\"deviceName\":\"除濕機05\",\"roomName\":\"教室01\"}',11,'2ff45a40-5475-454b-b552-ef21e790e363','2024-01-01 10:46:58.350502','新增設備'),(18,'{\"deviceType\":\"除濕機\",\"roomArea\":\"605\",\"deviceName\":\"除濕機06\",\"roomName\":\"其他01\"}',12,'2abe9984-5451-44bd-805b-6169c61e01e3','2024-01-01 10:47:04.175813','新增設備'),(19,'{\"deviceType\":\"空氣清淨機\",\"roomArea\":\"600\",\"deviceName\":\"空氣清淨機01\",\"roomName\":\"公司02\"}',13,'01c6d632-17d7-471d-8a77-0a1735aab05a','2024-01-01 10:47:42.609211','新增設備'),(20,'{\"deviceType\":\"空氣清淨機\",\"roomArea\":\"601\",\"deviceName\":\"空氣清淨機02\",\"roomName\":\"會議室01\"}',14,'2dd0969d-40e4-43ed-9f41-ff891114b66d','2024-01-01 10:47:48.528749','新增設備'),(21,'{\"deviceType\":\"空氣清淨機\",\"roomArea\":\"602\",\"deviceName\":\"空氣清淨機03\",\"roomName\":\"公共區域01\"}',15,'532a2028-d63d-49e1-94b3-7d6df9952184','2024-01-01 10:47:53.465301','新增設備'),(22,'{\"deviceType\":\"空氣清淨機\",\"roomArea\":\"603\",\"deviceName\":\"空氣清淨機04\",\"roomName\":\"廁所01\"}',16,'7c2ac291-e68b-4262-8c24-2576c47b6232','2024-01-01 10:48:19.845140','新增設備'),(23,'{\"deviceType\":\"空氣清淨機\",\"roomArea\":\"604\",\"deviceName\":\"空氣清淨機05\",\"roomName\":\"教室01\"}',17,'a07e7c37-e51a-4a5e-a386-88b358cd8d0f','2024-01-01 10:48:25.227309','新增設備'),(24,'{\"deviceType\":\"空氣清淨機\",\"roomArea\":\"605\",\"deviceName\":\"空氣清淨機06\",\"roomName\":\"其他01\"}',18,'b3a3e7ea-92f5-4a7c-9052-d2f6870a2efb','2024-01-01 10:48:29.899257','新增設備'),(25,'{\"deviceType\":\"燈\",\"roomArea\":\"600\",\"deviceName\":\"燈01\",\"roomName\":\"公司02\"}',19,'7b177c53-840d-4df1-98d6-b8b8836c161f','2024-01-01 10:48:45.350294','新增設備'),(26,'{\"deviceType\":\"燈\",\"roomArea\":\"601\",\"deviceName\":\"燈02\",\"roomName\":\"會議室01\"}',20,'698c9d36-b297-4837-9a56-21eea53c7be0','2024-01-01 10:48:49.255446','新增設備'),(27,'{\"deviceType\":\"燈\",\"roomArea\":\"602\",\"deviceName\":\"燈03\",\"roomName\":\"公共區域01\"}',21,'087f1181-f6e1-4bc4-9707-0c013abfdc76','2024-01-01 10:48:54.226065','新增設備'),(28,'{\"deviceType\":\"燈\",\"roomArea\":\"603\",\"deviceName\":\"燈04\",\"roomName\":\"廁所01\"}',22,'141fa659-652b-4555-9f5e-996fb535bb8f','2024-01-01 10:48:58.153988','新增設備'),(29,'{\"deviceType\":\"燈\",\"roomArea\":\"604\",\"deviceName\":\"燈05\",\"roomName\":\"教室01\"}',23,'59501c75-e992-4695-9d03-8e1dc18bd398','2024-01-01 10:49:01.509694','新增設備'),(30,'{\"deviceType\":\"燈\",\"roomArea\":\"605\",\"deviceName\":\"燈06\",\"roomName\":\"其他01\"}',24,'33e93ba7-d549-4f04-aede-2dabbc94b447','2024-01-01 10:49:10.196372','新增設備'),(31,'{\"deviceType\":\"冷氣機\",\"roomArea\":\"600\",\"deviceName\":\"冷氣機01\",\"roomName\":\"公司02\",\"status\":\"開\"}',1,'855db20d-e51c-4314-90cf-c9decf165cd9','2024-01-01 10:49:52.312340','設備開關'),(32,'{\"deviceType\":\"冷氣機\",\"roomArea\":\"601\",\"deviceName\":\"冷氣機02\",\"roomName\":\"會議室01\",\"status\":\"開\"}',2,'f04cf448-0ce3-4a19-92ec-b481819438c5','2024-01-01 10:49:57.026047','設備開關'),(33,'{\"deviceType\":\"冷氣機\",\"roomArea\":\"602\",\"deviceName\":\"冷氣機03\",\"roomName\":\"公共區域01\",\"status\":\"開\"}',3,'dadb0b29-cb59-4df5-9b0e-2f0974d2129e','2024-01-01 10:49:59.901575','設備開關'),(34,'{\"deviceType\":\"冷氣機\",\"roomArea\":\"603\",\"deviceName\":\"冷氣機04\",\"roomName\":\"廁所01\",\"status\":\"開\"}',4,'ad5c7a44-c003-4fcc-a764-dee07ea8c4bf','2024-01-01 10:50:04.174288','設備開關'),(35,'{\"deviceType\":\"冷氣機\",\"roomArea\":\"604\",\"deviceName\":\"冷氣機05\",\"roomName\":\"教室01\",\"status\":\"開\"}',5,'464333e4-24a6-4c6f-b928-8ca1156b5827','2024-01-01 10:50:07.017246','設備開關'),(36,'{\"deviceType\":\"冷氣機\",\"roomArea\":\"605\",\"deviceName\":\"冷氣機06\",\"roomName\":\"其他01\",\"status\":\"開\"}',6,'3299e441-76d8-44d2-b1f1-029d5c83e55f','2024-01-01 10:50:10.138288','設備開關'),(37,'{\"deviceType\":\"除濕機\",\"roomArea\":\"600\",\"deviceName\":\"除濕機01\",\"roomName\":\"公司02\",\"status\":\"開\"}',7,'dd81a159-8af8-4432-aa8c-892c7df63a64','2024-01-01 10:50:13.274839','設備開關'),(38,'{\"deviceType\":\"除濕機\",\"roomArea\":\"601\",\"deviceName\":\"除濕機02\",\"roomName\":\"會議室01\",\"status\":\"開\"}',8,'ce745240-00c1-4143-8358-05df32904a6b','2024-01-01 10:50:15.922901','設備開關'),(39,'{\"deviceType\":\"除濕機\",\"roomArea\":\"602\",\"deviceName\":\"除濕機03\",\"roomName\":\"公共區域01\",\"status\":\"開\"}',9,'0d89ab43-8c7d-4d88-94c3-982bca0cf885','2024-01-01 10:50:18.589403','設備開關'),(40,'{\"deviceType\":\"除濕機\",\"roomArea\":\"603\",\"deviceName\":\"除濕機04\",\"roomName\":\"廁所01\",\"status\":\"開\"}',10,'62dbdc65-6f8e-472b-925e-b06ea754fa1c','2024-01-01 10:50:22.106927','設備開關'),(41,'{\"deviceType\":\"除濕機\",\"roomArea\":\"604\",\"deviceName\":\"除濕機05\",\"roomName\":\"教室01\",\"status\":\"開\"}',11,'0174262c-b6f7-4da9-97d8-10dad145f563','2024-01-01 10:50:26.100843','設備開關'),(42,'{\"deviceType\":\"除濕機\",\"roomArea\":\"605\",\"deviceName\":\"除濕機06\",\"roomName\":\"其他01\",\"status\":\"開\"}',12,'deb44e35-3ae5-430c-864b-0d17556abc5f','2024-01-01 10:50:33.206928','設備開關'),(43,'{\"deviceType\":\"空氣清淨機\",\"roomArea\":\"600\",\"deviceName\":\"空氣清淨機01\",\"roomName\":\"公司02\",\"status\":\"開\"}',13,'4c7f607b-aead-4f0f-b17a-053a54205ef9','2024-01-01 10:50:36.780633','設備開關'),(44,'{\"deviceType\":\"空氣清淨機\",\"roomArea\":\"601\",\"deviceName\":\"空氣清淨機02\",\"roomName\":\"會議室01\",\"status\":\"開\"}',14,'b58b9b42-742a-4bab-813d-6a17a28656c9','2024-01-01 10:50:39.869738','設備開關'),(45,'{\"deviceType\":\"空氣清淨機\",\"roomArea\":\"602\",\"deviceName\":\"空氣清淨機03\",\"roomName\":\"公共區域01\",\"status\":\"開\"}',15,'5eb296e3-b9d1-435e-bd71-c38a38fb1bd8','2024-01-01 10:50:43.598345','設備開關'),(46,'{\"deviceType\":\"空氣清淨機\",\"roomArea\":\"603\",\"deviceName\":\"空氣清淨機04\",\"roomName\":\"廁所01\",\"status\":\"開\"}',16,'fc0dc554-0b59-46a0-a458-6b67b437f0a7','2024-01-01 10:50:46.684777','設備開關'),(47,'{\"deviceType\":\"空氣清淨機\",\"roomArea\":\"604\",\"deviceName\":\"空氣清淨機05\",\"roomName\":\"教室01\",\"status\":\"開\"}',17,'be84f11e-d78a-4509-9ded-f210f0a09b8d','2024-01-01 10:50:49.716124','設備開關'),(48,'{\"deviceType\":\"空氣清淨機\",\"roomArea\":\"605\",\"deviceName\":\"空氣清淨機06\",\"roomName\":\"其他01\",\"status\":\"開\"}',18,'6d0c67ba-9ec4-42a2-a5b3-90daf99ea33e','2024-01-01 10:50:52.398189','設備開關'),(49,'{\"deviceType\":\"燈\",\"roomArea\":\"600\",\"deviceName\":\"燈01\",\"roomName\":\"公司02\",\"status\":\"開\"}',19,'a1662dcc-7d4e-467a-9a12-bc2657181548','2024-01-01 10:50:55.423619','設備開關'),(50,'{\"deviceType\":\"燈\",\"roomArea\":\"601\",\"deviceName\":\"燈02\",\"roomName\":\"會議室01\",\"status\":\"開\"}',20,'ffd6e116-2ba8-4903-9d9c-a3a10b40fb5e','2024-01-01 10:50:58.897441','設備開關'),(51,'{\"deviceType\":\"燈\",\"roomArea\":\"602\",\"deviceName\":\"燈03\",\"roomName\":\"公共區域01\",\"status\":\"開\"}',21,'334daefd-89c8-42d0-958d-f84b929b3036','2024-01-01 10:51:01.723936','設備開關'),(52,'{\"deviceType\":\"燈\",\"roomArea\":\"603\",\"deviceName\":\"燈04\",\"roomName\":\"廁所01\",\"status\":\"開\"}',22,'c4eea2a0-a3f4-4fc3-a0d5-241b4968873d','2024-01-01 10:51:04.401871','設備開關'),(53,'{\"deviceType\":\"燈\",\"roomArea\":\"604\",\"deviceName\":\"燈05\",\"roomName\":\"教室01\",\"status\":\"開\"}',23,'d6661262-e9cf-45d0-993f-bf86b082e8c4','2024-01-01 10:51:06.954367','設備開關'),(54,'{\"deviceType\":\"燈\",\"roomArea\":\"605\",\"deviceName\":\"燈06\",\"roomName\":\"其他01\",\"status\":\"開\"}',24,'07ffe610-c648-493c-8f13-77ac522211d8','2024-01-01 10:51:10.938755','設備開關'),(55,'{\"deviceType\":\"冷氣機\",\"roomArea\":\"600\",\"deviceName\":\"冷氣機01\",\"target_temp\":25.0,\"roomName\":\"公司02\"}',1,'7969ba61-e443-48b7-94fb-6b8cbfc0da9f','2024-01-01 10:55:36.277018','設備參數調整'),(56,'{\"deviceType\":\"冷氣機\",\"roomArea\":\"601\",\"deviceName\":\"冷氣機02\",\"target_temp\":25.0,\"roomName\":\"會議室01\"}',2,'e7f424d5-14dc-4eb5-bcda-dae06aad0b72','2024-01-01 10:55:39.935081','設備參數調整'),(57,'{\"deviceType\":\"冷氣機\",\"roomArea\":\"602\",\"deviceName\":\"冷氣機03\",\"target_temp\":25.0,\"roomName\":\"公共區域01\"}',3,'c20fa66c-a1bb-4f0c-83b5-4af80d5480c2','2024-01-01 10:55:42.563588','設備參數調整'),(58,'{\"deviceType\":\"冷氣機\",\"roomArea\":\"603\",\"deviceName\":\"冷氣機04\",\"target_temp\":25.0,\"roomName\":\"廁所01\"}',4,'a280adc0-44fb-416f-923f-3bb99339f77a','2024-01-01 10:55:44.723091','設備參數調整'),(59,'{\"deviceType\":\"冷氣機\",\"roomArea\":\"604\",\"deviceName\":\"冷氣機05\",\"target_temp\":25.0,\"roomName\":\"教室01\"}',5,'bdc3bde2-33df-458f-b22f-fed4a6007f1f','2024-01-01 10:55:46.962100','設備參數調整'),(60,'{\"deviceType\":\"冷氣機\",\"roomArea\":\"605\",\"deviceName\":\"冷氣機06\",\"target_temp\":25.0,\"roomName\":\"其他01\"}',6,'b3abc586-1850-4cc0-9e7f-d74b910f5622','2024-01-01 10:55:49.218894','設備參數調整'),(61,'{\"deviceType\":\"空氣清淨機\",\"fan_speed\":8,\"roomArea\":\"600\",\"deviceName\":\"空氣清淨機01\",\"roomName\":\"公司02\"}',13,'b1f5ca7c-274c-4953-8eda-6555f3ab1254','2024-01-01 10:56:40.560549','設備參數調整'),(62,'{\"deviceType\":\"空氣清淨機\",\"fan_speed\":8,\"roomArea\":\"601\",\"deviceName\":\"空氣清淨機02\",\"roomName\":\"會議室01\"}',14,'933470ec-1046-46c8-b018-485f849237c3','2024-01-01 10:56:44.572946','設備參數調整'),(63,'{\"deviceType\":\"空氣清淨機\",\"fan_speed\":8,\"roomArea\":\"602\",\"deviceName\":\"空氣清淨機03\",\"roomName\":\"公共區域01\"}',15,'b8c02194-797a-4fb5-9c44-a087a4d2c25f','2024-01-01 10:56:47.004614','設備參數調整'),(64,'{\"deviceType\":\"空氣清淨機\",\"fan_speed\":8,\"roomArea\":\"603\",\"deviceName\":\"空氣清淨機04\",\"roomName\":\"廁所01\"}',16,'4ed9f2ce-9867-42f6-9bb9-50ff0304162d','2024-01-01 10:56:49.425653','設備參數調整'),(65,'{\"deviceType\":\"空氣清淨機\",\"fan_speed\":8,\"roomArea\":\"604\",\"deviceName\":\"空氣清淨機05\",\"roomName\":\"教室01\"}',17,'9f4a1c3c-62cb-41f1-9dd0-9900c15302b6','2024-01-01 10:56:52.186526','設備參數調整'),(66,'{\"deviceType\":\"空氣清淨機\",\"fan_speed\":8,\"roomArea\":\"605\",\"deviceName\":\"空氣清淨機06\",\"roomName\":\"其他01\"}',18,'fede3e52-0429-4b06-a561-9ca432b32ea2','2024-01-01 10:56:54.294413','設備參數調整'),(67,'{\"deviceType\":\"除濕機\",\"target_humidity\":45.0,\"roomArea\":\"600\",\"deviceName\":\"除濕機01\",\"roomName\":\"公司02\"}',7,'b58258e9-2bef-4db2-8366-eb4f456fc3f4','2024-01-01 10:57:45.947186','設備參數調整'),(68,'{\"deviceType\":\"除濕機\",\"target_humidity\":45.0,\"roomArea\":\"601\",\"deviceName\":\"除濕機02\",\"roomName\":\"會議室01\"}',8,'30044321-3835-472a-995f-1b0f0d52e1c4','2024-01-01 10:57:49.448564','設備參數調整'),(69,'{\"deviceType\":\"除濕機\",\"target_humidity\":45.0,\"roomArea\":\"602\",\"deviceName\":\"除濕機03\",\"roomName\":\"公共區域01\"}',9,'5b909e98-c571-43ad-848b-1ff5bfdd737d','2024-01-01 10:57:52.155097','設備參數調整'),(70,'{\"deviceType\":\"除濕機\",\"target_humidity\":45.0,\"roomArea\":\"603\",\"deviceName\":\"除濕機04\",\"roomName\":\"廁所01\"}',10,'085c4872-b212-463a-bbe6-5050c2e8d500','2024-01-01 10:57:54.796254','設備參數調整'),(71,'{\"deviceType\":\"除濕機\",\"target_humidity\":45.0,\"roomArea\":\"604\",\"deviceName\":\"除濕機05\",\"roomName\":\"教室01\"}',11,'f0787dc8-c43e-4652-854c-d986df1c402e','2024-01-01 10:58:00.514815','設備參數調整'),(72,'{\"deviceType\":\"除濕機\",\"target_humidity\":45.0,\"roomArea\":\"605\",\"deviceName\":\"除濕機06\",\"roomName\":\"其他01\"}',12,'8189f2ee-8879-4d33-b55f-03c441d317eb','2024-01-01 10:58:03.927131','設備參數調整'),(73,'{\"deviceType\":\"燈\",\"brightness\":10,\"roomArea\":\"600\",\"deviceName\":\"燈01\",\"roomName\":\"公司02\"}',19,'3847e698-1b0e-4a01-ba22-e02df9c241ec','2024-01-01 10:58:57.074069','設備參數調整'),(74,'{\"deviceType\":\"燈\",\"brightness\":10,\"roomArea\":\"601\",\"deviceName\":\"燈02\",\"roomName\":\"會議室01\"}',20,'d42eb677-d907-48c7-ab90-bd2158eb2aae','2024-01-01 10:59:54.665135','設備參數調整'),(75,'{\"deviceType\":\"燈\",\"brightness\":10,\"roomArea\":\"602\",\"deviceName\":\"燈03\",\"roomName\":\"公共區域01\"}',21,'f095a83c-84b4-46f7-a69c-e94a4ce48d4a','2024-01-01 10:59:56.870404','設備參數調整'),(76,'{\"deviceType\":\"燈\",\"brightness\":10,\"roomArea\":\"603\",\"deviceName\":\"燈04\",\"roomName\":\"廁所01\"}',22,'7eb8550b-5db6-4204-b0f5-b40e520ce5a7','2024-01-01 10:59:59.270903','設備參數調整'),(77,'{\"deviceType\":\"燈\",\"brightness\":10,\"roomArea\":\"604\",\"deviceName\":\"燈05\",\"roomName\":\"教室01\"}',23,'499b84ee-acdb-4af6-a447-0da2812a1936','2024-01-01 11:00:01.306335','設備參數調整'),(78,'{\"deviceType\":\"燈\",\"brightness\":10,\"roomArea\":\"605\",\"deviceName\":\"燈06\",\"roomName\":\"其他01\"}',24,'ee50075d-b933-4a55-92f4-1979704db1dc','2024-01-01 11:00:04.156499','設備參數調整'),(79,'{\"deviceType\":\"冷氣機\",\"roomArea\":\"600\",\"deviceName\":\"冷氣機01\",\"roomName\":\"公司02\",\"status\":\"關\"}',1,'7ebc1b60-c58d-4440-b6ae-2cce06c1a5a5','2024-01-01 11:02:01.601949','設備開關'),(80,'{\"deviceType\":\"冷氣機\",\"roomArea\":\"601\",\"deviceName\":\"冷氣機02\",\"roomName\":\"會議室01\",\"status\":\"關\"}',2,'8bc1af6d-deab-485f-a7fd-b9aa871329d2','2024-01-01 11:02:06.455369','設備開關'),(81,'{\"deviceType\":\"冷氣機\",\"roomArea\":\"602\",\"deviceName\":\"冷氣機03\",\"roomName\":\"公共區域01\",\"status\":\"關\"}',3,'1c66c377-0a99-43fb-97a8-d5d2d2b3ff73','2024-01-01 11:02:09.957589','設備開關'),(82,'{\"deviceType\":\"冷氣機\",\"roomArea\":\"603\",\"deviceName\":\"冷氣機04\",\"roomName\":\"廁所01\",\"status\":\"關\"}',4,'08f21bf4-704e-4f4f-bcd1-41712d2b5564','2024-01-01 11:02:12.907466','設備開關'),(83,'{\"deviceType\":\"冷氣機\",\"roomArea\":\"604\",\"deviceName\":\"冷氣機05\",\"roomName\":\"教室01\",\"status\":\"關\"}',5,'571604a4-096d-41dd-91e0-f633a98dfcd3','2024-01-01 11:02:15.752722','設備開關'),(84,'{\"deviceType\":\"冷氣機\",\"roomArea\":\"605\",\"deviceName\":\"冷氣機06\",\"roomName\":\"其他01\",\"status\":\"關\"}',6,'5648577e-b862-4ef4-a131-8d9f65a69869','2024-01-01 11:02:18.933647','設備開關'),(85,'{\"deviceType\":\"除濕機\",\"roomArea\":\"600\",\"deviceName\":\"除濕機01\",\"roomName\":\"公司02\",\"status\":\"關\"}',7,'5b7ff54d-aafe-4460-b94e-112b57b9c24b','2024-01-01 11:02:21.645751','設備開關'),(86,'{\"deviceType\":\"除濕機\",\"roomArea\":\"601\",\"deviceName\":\"除濕機02\",\"roomName\":\"會議室01\",\"status\":\"關\"}',8,'78de747b-7f0b-4e0a-ad42-9c0d843d7fe7','2024-01-01 11:02:24.387600','設備開關'),(87,'{\"deviceType\":\"除濕機\",\"roomArea\":\"602\",\"deviceName\":\"除濕機03\",\"roomName\":\"公共區域01\",\"status\":\"關\"}',9,'6bb3ae44-3491-4c6c-9097-a143246edcd2','2024-01-01 11:02:27.291525','設備開關'),(88,'{\"deviceType\":\"除濕機\",\"roomArea\":\"603\",\"deviceName\":\"除濕機04\",\"roomName\":\"廁所01\",\"status\":\"關\"}',10,'80713cb0-c134-4781-a7f2-6eed30c94b3a','2024-01-01 11:02:30.403543','設備開關'),(89,'{\"deviceType\":\"除濕機\",\"roomArea\":\"604\",\"deviceName\":\"除濕機05\",\"roomName\":\"教室01\",\"status\":\"關\"}',11,'24b64c45-bb6d-4923-8238-37582515b2ac','2024-01-01 11:02:33.149744','設備開關'),(90,'{\"deviceType\":\"除濕機\",\"roomArea\":\"605\",\"deviceName\":\"除濕機06\",\"roomName\":\"其他01\",\"status\":\"關\"}',12,'b946522a-6b5e-46dd-acb5-f1979dcb2a5c','2024-01-01 11:02:35.820216','設備開關'),(91,'{\"deviceType\":\"空氣清淨機\",\"roomArea\":\"600\",\"deviceName\":\"空氣清淨機01\",\"roomName\":\"公司02\",\"status\":\"關\"}',13,'38e2ac70-9674-4db6-b02a-ef3461dcabda','2024-01-01 11:02:38.502522','設備開關'),(92,'{\"deviceType\":\"空氣清淨機\",\"roomArea\":\"601\",\"deviceName\":\"空氣清淨機02\",\"roomName\":\"會議室01\",\"status\":\"關\"}',14,'8365b2e5-7663-4e85-8ef8-fc0d534d0545','2024-01-01 11:02:41.849361','設備開關'),(93,'{\"deviceType\":\"空氣清淨機\",\"roomArea\":\"602\",\"deviceName\":\"空氣清淨機03\",\"roomName\":\"公共區域01\",\"status\":\"關\"}',15,'bdaaa0d1-fed3-4c5a-895e-1a0ec4274b3b','2024-01-01 11:02:44.880864','設備開關'),(94,'{\"deviceType\":\"空氣清淨機\",\"roomArea\":\"603\",\"deviceName\":\"空氣清淨機04\",\"roomName\":\"廁所01\",\"status\":\"關\"}',16,'25facd0a-71d7-4312-9087-af880e45ae31','2024-01-01 11:02:47.752545','設備開關'),(95,'{\"deviceType\":\"空氣清淨機\",\"roomArea\":\"604\",\"deviceName\":\"空氣清淨機05\",\"roomName\":\"教室01\",\"status\":\"關\"}',17,'3d1d3965-7762-4dfc-aa09-6728a64fef38','2024-01-01 11:02:50.922922','設備開關'),(96,'{\"deviceType\":\"空氣清淨機\",\"roomArea\":\"605\",\"deviceName\":\"空氣清淨機06\",\"roomName\":\"其他01\",\"status\":\"關\"}',18,'0eb91da6-938c-40ee-b276-a89d3ed5e4b3','2024-01-01 11:02:53.752642','設備開關'),(6124,'{\"deviceType\":\"冷氣機\",\"roomArea\":\"600\",\"deviceName\":\"冷氣機01\",\"roomName\":\"公司02\",\"status\":\"開\"}',1,'4a9287a9-1660-43ff-95bc-b1973eeb9b22','2023-12-31 23:00:00.924000','設備開關'),(6125,'{\"deviceType\":\"冷氣機\",\"roomArea\":\"600\",\"deviceName\":\"冷氣機01\",\"roomName\":\"公司02\",\"status\":\"關\"}',1,'6a48ec8f-881c-4983-a42c-42eeeeef5fa8','2024-01-01 07:00:00.138000','設備開關'),(6126,'{\"deviceType\":\"冷氣機\",\"roomArea\":\"600\",\"deviceName\":\"冷氣機01\",\"roomName\":\"公司02\",\"status\":\"開\"}',1,'617d32db-49d3-4b0e-8336-4e32c2e8d9c4','2024-01-01 22:00:00.214000','設備開關'),(6127,'{\"deviceType\":\"冷氣機\",\"roomArea\":\"600\",\"deviceName\":\"冷氣機01\",\"roomName\":\"公司02\",\"status\":\"關\"}',1,'e0a8d52f-514d-417c-9911-9077bea87124','2024-01-02 08:00:00.307000','設備開關'),(6128,'{\"deviceType\":\"冷氣機\",\"roomArea\":\"600\",\"deviceName\":\"冷氣機01\",\"roomName\":\"公司02\",\"status\":\"開\"}',1,'666071e0-315f-433f-ac1a-abf2732908d4','2024-01-02 20:00:00.398000','設備開關'),(6129,'{\"deviceType\":\"冷氣機\",\"roomArea\":\"600\",\"deviceName\":\"冷氣機01\",\"roomName\":\"公司02\",\"status\":\"關\"}',1,'32aacd1a-d1e9-49cb-b858-f588bd71fc59','2024-01-03 12:00:00.461000','設備開關'),(6130,'{\"deviceType\":\"冷氣機\",\"roomArea\":\"600\",\"deviceName\":\"冷氣機01\",\"roomName\":\"公司02\",\"status\":\"開\"}',1,'b18d69b5-7c68-46c0-858d-45cb6c2ac267','2024-01-03 20:00:00.538000','設備開關'),(6131,'{\"deviceType\":\"冷氣機\",\"roomArea\":\"600\",\"deviceName\":\"冷氣機01\",\"roomName\":\"公司02\",\"status\":\"關\"}',1,'1748cd04-ef59-4ab8-b871-1287258be9df','2024-01-04 09:00:00.614000','設備開關'),(6132,'{\"deviceType\":\"冷氣機\",\"roomArea\":\"600\",\"deviceName\":\"冷氣機01\",\"roomName\":\"公司02\",\"status\":\"開\"}',1,'cddcd4e5-1850-476c-9caf-7c6ed3181ae9','2024-01-04 21:00:00.692000','設備開關'),(6133,'{\"deviceType\":\"冷氣機\",\"roomArea\":\"600\",\"deviceName\":\"冷氣機01\",\"roomName\":\"公司02\",\"status\":\"關\"}',1,'589e2be5-581e-4cf4-a63a-2c4b5a3041e6','2024-01-04 22:00:00.768000','設備開關'),(6134,'{\"deviceType\":\"冷氣機\",\"roomArea\":\"600\",\"deviceName\":\"冷氣機01\",\"roomName\":\"公司02\",\"status\":\"開\"}',1,'24d8e369-3cfb-4db5-ab95-1a07df53225a','2024-01-05 19:00:00.858000','設備開關'),(6135,'{\"deviceType\":\"冷氣機\",\"roomArea\":\"600\",\"deviceName\":\"冷氣機01\",\"roomName\":\"公司02\",\"status\":\"關\"}',1,'34951007-0c04-4279-bb79-3254149197bf','2024-01-06 09:00:00.951000','設備開關'),(6136,'{\"deviceType\":\"冷氣機\",\"roomArea\":\"600\",\"deviceName\":\"冷氣機01\",\"roomName\":\"公司02\",\"status\":\"開\"}',1,'9342431d-d5b4-44bf-ab45-1b9ae9a97070','2024-01-06 21:00:00.010000','設備開關'),(6137,'{\"deviceType\":\"冷氣機\",\"roomArea\":\"600\",\"deviceName\":\"冷氣機01\",\"roomName\":\"公司02\",\"status\":\"關\"}',1,'57a729de-2620-4b64-a004-8135f399e3f5','2024-01-07 06:00:00.074000','設備開關'),(6138,'{\"deviceType\":\"冷氣機\",\"roomArea\":\"600\",\"deviceName\":\"冷氣機01\",\"roomName\":\"公司02\",\"status\":\"開\"}',1,'2a592e95-90b3-4d92-a181-ddd99fce6226','2024-01-07 20:00:00.165000','設備開關'),(6139,'{\"deviceType\":\"冷氣機\",\"roomArea\":\"600\",\"deviceName\":\"冷氣機01\",\"roomName\":\"公司02\",\"status\":\"關\"}',1,'979d95ba-9794-4e4c-b2ca-11a599171167','2024-01-08 08:00:00.257000','設備開關'),(6140,'{\"deviceType\":\"冷氣機\",\"roomArea\":\"600\",\"deviceName\":\"冷氣機01\",\"roomName\":\"公司02\",\"status\":\"開\"}',1,'addc6e42-5a14-42ab-936c-3f02238aa744','2024-01-08 23:00:00.350000','設備開關'),(6141,'{\"deviceType\":\"冷氣機\",\"roomArea\":\"600\",\"deviceName\":\"冷氣機01\",\"roomName\":\"公司02\",\"status\":\"關\"}',1,'da5ce0ff-aacd-4c2a-926d-7defdd1087ba','2024-01-09 02:00:00.443000','設備開關'),(6142,'{\"deviceType\":\"冷氣機\",\"roomArea\":\"600\",\"deviceName\":\"冷氣機01\",\"roomName\":\"公司02\",\"status\":\"開\"}',1,'5c5c2a70-d493-40ea-97d3-2e3b872d5d23','2024-01-09 20:00:00.537000','設備開關'),(6143,'{\"deviceType\":\"冷氣機\",\"roomArea\":\"600\",\"deviceName\":\"冷氣機01\",\"roomName\":\"公司02\",\"status\":\"關\"}',1,'aec405ec-b7d6-42a9-9261-cc740dad4283','2024-01-10 01:00:00.614000','設備開關'),(6144,'{\"deviceType\":\"冷氣機\",\"roomArea\":\"600\",\"deviceName\":\"冷氣機01\",\"roomName\":\"公司02\",\"status\":\"開\"}',1,'ba1abc9d-501c-4834-a58b-9f1b67b3d85d','2024-01-11 00:00:00.706000','設備開關'),(6145,'{\"deviceType\":\"冷氣機\",\"roomArea\":\"600\",\"deviceName\":\"冷氣機01\",\"roomName\":\"公司02\",\"status\":\"關\"}',1,'299843d8-d351-4ca7-b9dd-9ef8c08f0625','2024-01-11 08:00:00.800000','設備開關'),(6146,'{\"deviceType\":\"冷氣機\",\"roomArea\":\"600\",\"deviceName\":\"冷氣機01\",\"roomName\":\"公司02\",\"status\":\"開\"}',1,'b1f28d80-5a94-4610-a189-44a58e8aa4cd','2024-01-11 22:00:00.894000','設備開關'),(6147,'{\"deviceType\":\"冷氣機\",\"roomArea\":\"600\",\"deviceName\":\"冷氣機01\",\"roomName\":\"公司02\",\"status\":\"關\"}',1,'8d1c1595-208c-425e-a4be-85689fb66dce','2024-01-12 04:00:00.988000','設備開關'),(6148,'{\"deviceType\":\"冷氣機\",\"roomArea\":\"600\",\"deviceName\":\"冷氣機01\",\"roomName\":\"公司02\",\"status\":\"開\"}',1,'8d014a47-3953-47e9-b675-ea8db7b78439','2024-01-12 21:00:00.080000','設備開關'),(6149,'{\"deviceType\":\"冷氣機\",\"roomArea\":\"600\",\"deviceName\":\"冷氣機01\",\"roomName\":\"公司02\",\"status\":\"關\"}',1,'7ad3e1f9-8ce9-40aa-b7d8-ff05fc88c37c','2024-01-13 06:00:00.158000','設備開關'),(6150,'{\"deviceType\":\"冷氣機\",\"roomArea\":\"600\",\"deviceName\":\"冷氣機01\",\"roomName\":\"公司02\",\"status\":\"開\"}',1,'c021ef15-1dd3-43b1-b4f0-75e548c67b44','2024-01-13 22:00:00.234000','設備開關'),(6151,'{\"deviceType\":\"冷氣機\",\"roomArea\":\"600\",\"deviceName\":\"冷氣機01\",\"roomName\":\"公司02\",\"status\":\"關\"}',1,'f32d7c88-b957-41b6-af14-e0440e4e7b72','2024-01-14 00:00:00.280000','設備開關'),(6152,'{\"deviceType\":\"冷氣機\",\"roomArea\":\"600\",\"deviceName\":\"冷氣機01\",\"roomName\":\"公司02\",\"status\":\"開\"}',1,'a8b06e45-e164-41a8-bd87-c150f481de72','2024-01-14 21:00:00.373000','設備開關'),(6153,'{\"deviceType\":\"冷氣機\",\"roomArea\":\"600\",\"deviceName\":\"冷氣機01\",\"roomName\":\"公司02\",\"status\":\"關\"}',1,'8ce30424-0d86-4122-88e7-25c52a08a5ad','2024-01-15 01:00:00.465000','設備開關'),(6154,'{\"deviceType\":\"冷氣機\",\"roomArea\":\"600\",\"deviceName\":\"冷氣機01\",\"roomName\":\"公司02\",\"status\":\"開\"}',1,'0eb4124c-3cce-4d26-b952-c625b5e0d7fa','2024-01-16 02:00:00.556000','設備開關'),(6155,'{\"deviceType\":\"冷氣機\",\"roomArea\":\"600\",\"deviceName\":\"冷氣機01\",\"roomName\":\"公司02\",\"status\":\"關\"}',1,'e01da907-ed4a-445c-9b35-82650c9d2bb3','2024-01-16 01:00:00.634000','設備開關'),(6156,'{\"deviceType\":\"冷氣機\",\"roomArea\":\"600\",\"deviceName\":\"冷氣機01\",\"roomName\":\"公司02\",\"status\":\"開\"}',1,'07258342-9c92-4b47-a626-4cd7df4bf171','2024-01-17 00:00:00.680000','設備開關'),(6157,'{\"deviceType\":\"冷氣機\",\"roomArea\":\"600\",\"deviceName\":\"冷氣機01\",\"roomName\":\"公司02\",\"status\":\"關\"}',1,'fef9a241-fda2-4ca5-95fb-91e89009fe0e','2024-01-17 12:00:00.772000','設備開關'),(6158,'{\"deviceType\":\"冷氣機\",\"roomArea\":\"600\",\"deviceName\":\"冷氣機01\",\"roomName\":\"公司02\",\"status\":\"開\"}',1,'3426b4bf-1c19-439f-9dce-e1613ad1abb1','2024-01-17 20:00:00.863000','設備開關'),(6159,'{\"deviceType\":\"冷氣機\",\"roomArea\":\"600\",\"deviceName\":\"冷氣機01\",\"roomName\":\"公司02\",\"status\":\"關\"}',1,'f7ccfccd-98f2-47ae-9f93-de761af29f71','2024-01-18 09:00:00.956000','設備開關'),(6160,'{\"deviceType\":\"冷氣機\",\"roomArea\":\"600\",\"deviceName\":\"冷氣機01\",\"roomName\":\"公司02\",\"status\":\"開\"}',1,'4538ff07-4d29-4f8b-9069-c47a80b1d1f6','2024-01-18 21:00:00.036000','設備開關'),(6161,'{\"deviceType\":\"冷氣機\",\"roomArea\":\"600\",\"deviceName\":\"冷氣機01\",\"roomName\":\"公司02\",\"status\":\"關\"}',1,'bdb0f06d-5f18-402c-a837-d817ec0acc86','2024-01-19 06:00:00.096000','設備開關'),(6162,'{\"deviceType\":\"冷氣機\",\"roomArea\":\"600\",\"deviceName\":\"冷氣機01\",\"roomName\":\"公司02\",\"status\":\"開\"}',1,'6a1e5cd4-4762-4043-a4a4-17540b29abf6','2024-01-19 22:00:00.189000','設備開關'),(6163,'{\"deviceType\":\"冷氣機\",\"roomArea\":\"600\",\"deviceName\":\"冷氣機01\",\"roomName\":\"公司02\",\"status\":\"關\"}',1,'fd7b17bb-38b9-4177-bf8b-4afb88517ed9','2024-01-20 04:00:00.250000','設備開關'),(6164,'{\"deviceType\":\"冷氣機\",\"roomArea\":\"600\",\"deviceName\":\"冷氣機01\",\"roomName\":\"公司02\",\"status\":\"開\"}',1,'6d6a7dcf-3da9-479f-be8c-58fd6fdaaee2','2024-01-21 02:00:00.342000','設備開關'),(6165,'{\"deviceType\":\"冷氣機\",\"roomArea\":\"600\",\"deviceName\":\"冷氣機01\",\"roomName\":\"公司02\",\"status\":\"關\"}',1,'2501bab1-d9b0-48dd-adac-decac95fff12','2024-01-21 00:00:00.434000','設備開關'),(6166,'{\"deviceType\":\"冷氣機\",\"roomArea\":\"600\",\"deviceName\":\"冷氣機01\",\"roomName\":\"公司02\",\"status\":\"開\"}',1,'50ae9442-6e50-4479-9859-869067c5ba98','2024-01-21 23:00:00.496000','設備開關'),(6167,'{\"deviceType\":\"冷氣機\",\"roomArea\":\"600\",\"deviceName\":\"冷氣機01\",\"roomName\":\"公司02\",\"status\":\"關\"}',1,'d285450c-ec74-4006-9ccd-91459a6ebdb0','2024-01-22 03:00:00.574000','設備開關'),(6168,'{\"deviceType\":\"冷氣機\",\"roomArea\":\"600\",\"deviceName\":\"冷氣機01\",\"roomName\":\"公司02\",\"status\":\"開\"}',1,'4fcc808d-5a4e-47a4-920c-c6d5fd6a63e5','2024-01-23 02:00:00.668000','設備開關'),(6169,'{\"deviceType\":\"冷氣機\",\"roomArea\":\"600\",\"deviceName\":\"冷氣機01\",\"roomName\":\"公司02\",\"status\":\"關\"}',1,'1b972d7b-cca4-4fa1-bba9-f6e9930cbda6','2024-01-23 07:00:00.713000','設備開關'),(6170,'{\"deviceType\":\"冷氣機\",\"roomArea\":\"600\",\"deviceName\":\"冷氣機01\",\"roomName\":\"公司02\",\"status\":\"開\"}',1,'b682ceba-4c70-47bb-8185-4bf552e24a3c','2024-01-24 00:00:00.791000','設備開關'),(6171,'{\"deviceType\":\"冷氣機\",\"roomArea\":\"600\",\"deviceName\":\"冷氣機01\",\"roomName\":\"公司02\",\"status\":\"關\"}',1,'39b0a855-a822-4df0-9983-87c64cb5cf06','2024-01-24 03:00:00.868000','設備開關'),(6172,'{\"deviceType\":\"冷氣機\",\"roomArea\":\"600\",\"deviceName\":\"冷氣機01\",\"roomName\":\"公司02\",\"status\":\"開\"}',1,'e3ce0fd8-ae56-4530-97ba-c0f7d2a55fa0','2024-01-25 00:00:00.931000','設備開關'),(6173,'{\"deviceType\":\"冷氣機\",\"roomArea\":\"600\",\"deviceName\":\"冷氣機01\",\"roomName\":\"公司02\",\"status\":\"關\"}',1,'8c0aa93b-6b0b-48b1-90db-2fd7a74b31cf','2024-01-25 03:00:00.023000','設備開關'),(6174,'{\"deviceType\":\"冷氣機\",\"roomArea\":\"600\",\"deviceName\":\"冷氣機01\",\"roomName\":\"公司02\",\"status\":\"開\"}',1,'a42cf0f3-42ef-4eb3-b4a9-3b368c43319a','2024-01-25 22:00:00.101000','設備開關'),(6175,'{\"deviceType\":\"冷氣機\",\"roomArea\":\"600\",\"deviceName\":\"冷氣機01\",\"roomName\":\"公司02\",\"status\":\"關\"}',1,'c2f2cb07-7d81-461b-9223-8c9b1e5d4c6d','2024-01-26 07:00:00.178000','設備開關'),(6176,'{\"deviceType\":\"冷氣機\",\"roomArea\":\"600\",\"deviceName\":\"冷氣機01\",\"roomName\":\"公司02\",\"status\":\"開\"}',1,'f2ad8bbe-a247-474f-9866-709007032966','2024-01-26 22:00:00.256000','設備開關'),(6177,'{\"deviceType\":\"冷氣機\",\"roomArea\":\"600\",\"deviceName\":\"冷氣機01\",\"roomName\":\"公司02\",\"status\":\"關\"}',1,'cbff09da-52d3-42d0-8ed2-8a466886fb25','2024-01-27 01:00:00.334000','設備開關'),(6178,'{\"deviceType\":\"冷氣機\",\"roomArea\":\"600\",\"deviceName\":\"冷氣機01\",\"roomName\":\"公司02\",\"status\":\"開\"}',1,'e5bdf1a1-1922-4654-a46f-3abb2153a990','2024-01-28 01:00:00.426000','設備開關'),(6179,'{\"deviceType\":\"冷氣機\",\"roomArea\":\"600\",\"deviceName\":\"冷氣機01\",\"roomName\":\"公司02\",\"status\":\"關\"}',1,'3f45c20c-8fd3-4ccb-88c8-9ca751564d78','2024-01-28 05:00:00.503000','設備開關'),(6180,'{\"deviceType\":\"冷氣機\",\"roomArea\":\"600\",\"deviceName\":\"冷氣機01\",\"roomName\":\"公司02\",\"status\":\"開\"}',1,'dd204feb-e00c-47c1-8e16-475bace631be','2024-01-29 00:00:00.580000','設備開關'),(6181,'{\"deviceType\":\"冷氣機\",\"roomArea\":\"600\",\"deviceName\":\"冷氣機01\",\"roomName\":\"公司02\",\"status\":\"關\"}',1,'11167387-b446-4c65-a11d-385b231ab98e','2024-01-28 22:00:00.671000','設備開關'),(6182,'{\"deviceType\":\"冷氣機\",\"roomArea\":\"600\",\"deviceName\":\"冷氣機01\",\"roomName\":\"公司02\",\"status\":\"開\"}',1,'66358f71-3de3-42ad-b169-381645d2a072','2024-01-30 00:00:00.748000','設備開關'),(6183,'{\"deviceType\":\"冷氣機\",\"roomArea\":\"600\",\"deviceName\":\"冷氣機01\",\"roomName\":\"公司02\",\"status\":\"關\"}',1,'67bf5417-db0e-49dd-8e60-4c6167451c52','2024-01-30 07:00:00.825000','設備開關'),(6184,'{\"deviceType\":\"冷氣機\",\"roomArea\":\"600\",\"deviceName\":\"冷氣機01\",\"roomName\":\"公司02\",\"status\":\"開\"}',1,'b9572244-b2cd-4d0b-9936-142e5d6b4254','2024-01-30 19:00:00.916000','設備開關'),(6185,'{\"deviceType\":\"冷氣機\",\"roomArea\":\"600\",\"deviceName\":\"冷氣機01\",\"roomName\":\"公司02\",\"status\":\"關\"}',1,'f1a5d995-d1f5-485a-b3dd-0cd5631a538c','2024-01-31 05:00:00.993000','設備開關'),(6186,'{\"deviceType\":\"冷氣機\",\"roomArea\":\"600\",\"deviceName\":\"冷氣機01\",\"roomName\":\"公司02\",\"status\":\"開\"}',1,'cf08809b-ec10-4e6f-b4be-4d83cf5dc720','2024-01-31 22:00:00.054000','設備開關'),(6187,'{\"deviceType\":\"冷氣機\",\"roomArea\":\"600\",\"deviceName\":\"冷氣機01\",\"roomName\":\"公司02\",\"status\":\"關\"}',1,'1b51676f-2629-4f45-b1d5-e656bd3853ba','2024-02-01 03:00:00.131000','設備開關'),(6188,'{\"deviceType\":\"冷氣機\",\"roomArea\":\"600\",\"deviceName\":\"冷氣機01\",\"roomName\":\"公司02\",\"status\":\"開\"}',1,'3253366c-46b2-4dc9-88c9-19292c617b1a','2024-02-01 22:00:00.208000','設備開關'),(6189,'{\"deviceType\":\"冷氣機\",\"roomArea\":\"600\",\"deviceName\":\"冷氣機01\",\"roomName\":\"公司02\",\"status\":\"關\"}',1,'4d2a40e2-e827-4115-ad6b-318c101b0615','2024-02-02 03:00:00.271000','設備開關'),(6190,'{\"deviceType\":\"冷氣機\",\"roomArea\":\"600\",\"deviceName\":\"冷氣機01\",\"roomName\":\"公司02\",\"status\":\"開\"}',1,'3225e617-0fe6-4154-b1e9-75eaff371fe2','2024-02-03 01:00:00.349000','設備開關'),(6191,'{\"deviceType\":\"冷氣機\",\"roomArea\":\"600\",\"deviceName\":\"冷氣機01\",\"roomName\":\"公司02\",\"status\":\"關\"}',1,'d13baf49-f7e4-45e1-9c64-16c6aa5fd1e1','2024-02-03 04:00:00.427000','設備開關'),(6192,'{\"deviceType\":\"冷氣機\",\"roomArea\":\"600\",\"deviceName\":\"冷氣機01\",\"roomName\":\"公司02\",\"status\":\"開\"}',1,'2c33d6ea-2510-455b-ac8d-92621677a925','2024-02-03 22:00:00.519000','設備開關'),(6193,'{\"deviceType\":\"冷氣機\",\"roomArea\":\"600\",\"deviceName\":\"冷氣機01\",\"roomName\":\"公司02\",\"status\":\"關\"}',1,'4eba65e3-708d-4680-a6b6-59c57e6c7ec2','2024-02-04 12:00:00.611000','設備開關'),(6194,'{\"deviceType\":\"冷氣機\",\"roomArea\":\"600\",\"deviceName\":\"冷氣機01\",\"roomName\":\"公司02\",\"status\":\"開\"}',1,'96ad8c32-549e-4b57-b2eb-b1dec21d677b','2024-02-05 01:00:00.673000','設備開關'),(6195,'{\"deviceType\":\"冷氣機\",\"roomArea\":\"600\",\"deviceName\":\"冷氣機01\",\"roomName\":\"公司02\",\"status\":\"關\"}',1,'979895ca-31a3-4d83-b97a-9dc202d0a6e9','2024-02-05 13:00:00.766000','設備開關'),(6196,'{\"deviceType\":\"冷氣機\",\"roomArea\":\"600\",\"deviceName\":\"冷氣機01\",\"roomName\":\"公司02\",\"status\":\"開\"}',1,'ad9bdb14-8b07-4983-a978-3f1943c8cec9','2024-02-06 02:00:00.860000','設備開關'),(6197,'{\"deviceType\":\"冷氣機\",\"roomArea\":\"600\",\"deviceName\":\"冷氣機01\",\"roomName\":\"公司02\",\"status\":\"關\"}',1,'23a9b615-e16f-45ba-aec7-b91db6487313','2024-02-06 09:00:00.922000','設備開關'),(6198,'{\"deviceType\":\"冷氣機\",\"roomArea\":\"600\",\"deviceName\":\"冷氣機01\",\"roomName\":\"公司02\",\"status\":\"開\"}',1,'b2bb71e4-a53d-4401-a749-b7f5b211664e','2024-02-06 21:00:00.998000','設備開關'),(6199,'{\"deviceType\":\"冷氣機\",\"roomArea\":\"600\",\"deviceName\":\"冷氣機01\",\"roomName\":\"公司02\",\"status\":\"關\"}',1,'2ed7abe9-8cad-4117-8ef2-a41d16987d35','2024-02-07 10:00:00.091000','設備開關'),(6200,'{\"deviceType\":\"冷氣機\",\"roomArea\":\"600\",\"deviceName\":\"冷氣機01\",\"roomName\":\"公司02\",\"status\":\"開\"}',1,'30f1de78-38f9-4e7f-9d1b-f0420006c119','2024-02-08 03:00:00.151000','設備開關'),(6201,'{\"deviceType\":\"冷氣機\",\"roomArea\":\"600\",\"deviceName\":\"冷氣機01\",\"roomName\":\"公司02\",\"status\":\"關\"}',1,'19f468ee-5e76-4234-a301-73f5ce42f388','2024-02-08 05:00:00.198000','設備開關'),(6202,'{\"deviceType\":\"冷氣機\",\"roomArea\":\"600\",\"deviceName\":\"冷氣機01\",\"roomName\":\"公司02\",\"status\":\"開\"}',1,'e0a116e9-2c8a-4c07-8193-677fcc6d5cab','2024-02-08 21:00:00.245000','設備開關'),(6203,'{\"deviceType\":\"冷氣機\",\"roomArea\":\"600\",\"deviceName\":\"冷氣機01\",\"roomName\":\"公司02\",\"status\":\"關\"}',1,'9667037f-ea6e-4b97-8158-f02d9efa26d6','2024-02-09 10:00:00.262000','設備開關'),(6204,'{\"deviceType\":\"冷氣機\",\"roomArea\":\"600\",\"deviceName\":\"冷氣機01\",\"roomName\":\"公司02\",\"status\":\"開\"}',1,'28efaec0-cf2f-4336-a2da-3b9fc8fc2a90','2024-02-09 23:00:00.321000','設備開關'),(6205,'{\"deviceType\":\"冷氣機\",\"roomArea\":\"600\",\"deviceName\":\"冷氣機01\",\"roomName\":\"公司02\",\"status\":\"關\"}',1,'1f4ddc1e-f839-4928-af2f-d947528dcc43','2024-02-10 07:00:00.382000','設備開關'),(6206,'{\"deviceType\":\"冷氣機\",\"roomArea\":\"600\",\"deviceName\":\"冷氣機01\",\"roomName\":\"公司02\",\"status\":\"開\"}',1,'ef668ba1-4b6e-40ed-9f85-bb61015b4357','2024-02-11 02:00:00.444000','設備開關'),(6207,'{\"deviceType\":\"冷氣機\",\"roomArea\":\"600\",\"deviceName\":\"冷氣機01\",\"roomName\":\"公司02\",\"status\":\"關\"}',1,'44198d0c-f86f-4024-b935-315e9553a3f4','2024-02-11 06:00:00.521000','設備開關'),(6208,'{\"deviceType\":\"冷氣機\",\"roomArea\":\"600\",\"deviceName\":\"冷氣機01\",\"roomName\":\"公司02\",\"status\":\"開\"}',1,'4df9f3b2-0f06-4e51-8e08-e95f3bc78671','2024-02-12 02:00:00.568000','設備開關'),(6209,'{\"deviceType\":\"冷氣機\",\"roomArea\":\"600\",\"deviceName\":\"冷氣機01\",\"roomName\":\"公司02\",\"status\":\"關\"}',1,'51c6f3d9-acec-44d3-938c-fd841b305853','2024-02-12 07:00:00.643000','設備開關'),(6210,'{\"deviceType\":\"冷氣機\",\"roomArea\":\"600\",\"deviceName\":\"冷氣機01\",\"roomName\":\"公司02\",\"status\":\"開\"}',1,'11043774-8172-45d9-80f5-10f69f2ec564','2024-02-12 23:00:00.719000','設備開關'),(6211,'{\"deviceType\":\"冷氣機\",\"roomArea\":\"600\",\"deviceName\":\"冷氣機01\",\"roomName\":\"公司02\",\"status\":\"關\"}',1,'d7b34011-8700-4bb2-a535-5670df128c12','2024-02-13 05:00:00.765000','設備開關'),(6212,'{\"deviceType\":\"冷氣機\",\"roomArea\":\"600\",\"deviceName\":\"冷氣機01\",\"roomName\":\"公司02\",\"status\":\"開\"}',1,'882e1128-8788-42bc-b4fc-55952c6387fe','2024-02-14 02:00:00.841000','設備開關'),(6213,'{\"deviceType\":\"冷氣機\",\"roomArea\":\"600\",\"deviceName\":\"冷氣機01\",\"roomName\":\"公司02\",\"status\":\"關\"}',1,'edbf2781-1f35-4f09-bfec-05baed653cfd','2024-02-14 07:00:00.918000','設備開關'),(6214,'{\"deviceType\":\"冷氣機\",\"roomArea\":\"600\",\"deviceName\":\"冷氣機01\",\"roomName\":\"公司02\",\"status\":\"開\"}',1,'a48613c9-59c7-4d8a-b5ca-1fc93c70f362','2024-02-14 20:00:00.010000','設備開關'),(6215,'{\"deviceType\":\"冷氣機\",\"roomArea\":\"600\",\"deviceName\":\"冷氣機01\",\"roomName\":\"公司02\",\"status\":\"關\"}',1,'80f15eea-bc29-4e96-94d1-9df433f0d0e9','2024-02-15 10:00:00.101000','設備開關'),(6216,'{\"deviceType\":\"冷氣機\",\"roomArea\":\"600\",\"deviceName\":\"冷氣機01\",\"roomName\":\"公司02\",\"status\":\"開\"}',1,'1c6f3481-7635-4d62-be06-fde290da1d15','2024-02-16 00:00:00.179000','設備開關'),(6217,'{\"deviceType\":\"冷氣機\",\"roomArea\":\"600\",\"deviceName\":\"冷氣機01\",\"roomName\":\"公司02\",\"status\":\"關\"}',1,'0ae62c83-0484-459a-a8d1-1ea250de4d37','2024-02-16 05:00:00.268000','設備開關'),(6218,'{\"deviceType\":\"冷氣機\",\"roomArea\":\"600\",\"deviceName\":\"冷氣機01\",\"roomName\":\"公司02\",\"status\":\"開\"}',1,'b1bb6d95-b091-44f9-8ff4-21ca3b0d5963','2024-02-17 01:00:00.323000','設備開關'),(6219,'{\"deviceType\":\"冷氣機\",\"roomArea\":\"600\",\"deviceName\":\"冷氣機01\",\"roomName\":\"公司02\",\"status\":\"關\"}',1,'75197a7d-0e19-4192-8f36-fbd0e622bed7','2024-02-17 13:00:00.397000','設備開關'),(6220,'{\"deviceType\":\"冷氣機\",\"roomArea\":\"600\",\"deviceName\":\"冷氣機01\",\"roomName\":\"公司02\",\"status\":\"開\"}',1,'4521f55a-b710-4fbb-9e30-a9fe4373a4d6','2024-02-18 02:00:00.456000','設備開關'),(6221,'{\"deviceType\":\"冷氣機\",\"roomArea\":\"600\",\"deviceName\":\"冷氣機01\",\"roomName\":\"公司02\",\"status\":\"關\"}',1,'a3b77ae6-9ccf-4914-8e51-803190b1e37a','2024-02-18 08:00:00.517000','設備開關'),(6222,'{\"deviceType\":\"冷氣機\",\"roomArea\":\"600\",\"deviceName\":\"冷氣機01\",\"roomName\":\"公司02\",\"status\":\"開\"}',1,'e67befaa-e27f-4109-b8a0-57d77d8d16a2','2024-02-19 02:00:00.608000','設備開關'),(6223,'{\"deviceType\":\"冷氣機\",\"roomArea\":\"600\",\"deviceName\":\"冷氣機01\",\"roomName\":\"公司02\",\"status\":\"關\"}',1,'427c14eb-e5b1-4a2a-836d-c7cad291c283','2024-02-19 07:00:00.657000','設備開關'),(6224,'{\"deviceType\":\"冷氣機\",\"roomArea\":\"600\",\"deviceName\":\"冷氣機01\",\"roomName\":\"公司02\",\"status\":\"開\"}',1,'62595f0a-426d-4b29-b7de-c2effd846812','2024-02-19 21:00:00.688000','設備開關'),(6225,'{\"deviceType\":\"冷氣機\",\"roomArea\":\"600\",\"deviceName\":\"冷氣機01\",\"roomName\":\"公司02\",\"status\":\"關\"}',1,'c0e13459-e6d6-4f2b-a928-91fe63cc7e9c','2024-02-20 08:00:00.747000','設備開關'),(6226,'{\"deviceType\":\"冷氣機\",\"roomArea\":\"600\",\"deviceName\":\"冷氣機01\",\"roomName\":\"公司02\",\"status\":\"開\"}',1,'d7e49d77-47aa-4d73-b709-2267c2e0123d','2024-02-21 03:00:00.824000','設備開關'),(6227,'{\"deviceType\":\"冷氣機\",\"roomArea\":\"600\",\"deviceName\":\"冷氣機01\",\"roomName\":\"公司02\",\"status\":\"關\"}',1,'bb2e6e87-812a-42f4-8417-6db66214b6b6','2024-02-21 07:00:00.915000','設備開關'),(6228,'{\"deviceType\":\"冷氣機\",\"roomArea\":\"600\",\"deviceName\":\"冷氣機01\",\"roomName\":\"公司02\",\"status\":\"開\"}',1,'ae52fcfc-313e-4efa-a75c-77ae0ca90336','2024-02-22 01:00:00.975000','設備開關'),(6229,'{\"deviceType\":\"冷氣機\",\"roomArea\":\"600\",\"deviceName\":\"冷氣機01\",\"roomName\":\"公司02\",\"status\":\"關\"}',1,'39ce730e-27b1-489b-95ee-ecc1df36310f','2024-02-22 09:00:00.050000','設備開關'),(6230,'{\"deviceType\":\"冷氣機\",\"roomArea\":\"600\",\"deviceName\":\"冷氣機01\",\"roomName\":\"公司02\",\"status\":\"開\"}',1,'f96f31cc-39bb-49e8-90ad-1d078c96761e','2024-02-22 20:00:00.128000','設備開關'),(6231,'{\"deviceType\":\"冷氣機\",\"roomArea\":\"600\",\"deviceName\":\"冷氣機01\",\"roomName\":\"公司02\",\"status\":\"關\"}',1,'7b00734c-d683-4a3d-b61f-8fc6353bf45e','2024-02-23 07:00:00.188000','設備開關'),(6232,'{\"deviceType\":\"冷氣機\",\"roomArea\":\"600\",\"deviceName\":\"冷氣機01\",\"roomName\":\"公司02\",\"status\":\"開\"}',1,'2c9ec1ac-37df-4b99-8aad-5db35f8d8df8','2024-02-24 02:00:00.265000','設備開關'),(6233,'{\"deviceType\":\"冷氣機\",\"roomArea\":\"600\",\"deviceName\":\"冷氣機01\",\"roomName\":\"公司02\",\"status\":\"關\"}',1,'9dd43bbc-f037-47b8-a3a5-77471d49367a','2024-02-24 05:00:00.295000','設備開關'),(6234,'{\"deviceType\":\"冷氣機\",\"roomArea\":\"600\",\"deviceName\":\"冷氣機01\",\"roomName\":\"公司02\",\"status\":\"開\"}',1,'d97c515a-99c0-4074-91b9-6083ace7a598','2024-02-24 21:00:00.387000','設備開關'),(6235,'{\"deviceType\":\"冷氣機\",\"roomArea\":\"600\",\"deviceName\":\"冷氣機01\",\"roomName\":\"公司02\",\"status\":\"關\"}',1,'fe657feb-52bf-4163-9176-6a4092a287fb','2024-02-25 10:00:00.467000','設備開關'),(6236,'{\"deviceType\":\"冷氣機\",\"roomArea\":\"600\",\"deviceName\":\"冷氣機01\",\"roomName\":\"公司02\",\"status\":\"開\"}',1,'6ec9a55c-b538-439f-8842-ae0721f7a863','2024-02-25 20:00:00.531000','設備開關'),(6237,'{\"deviceType\":\"冷氣機\",\"roomArea\":\"600\",\"deviceName\":\"冷氣機01\",\"roomName\":\"公司02\",\"status\":\"關\"}',1,'7fdaac0d-c811-46b2-a9a5-60acd99ecff4','2024-02-26 05:00:00.623000','設備開關'),(6238,'{\"deviceType\":\"冷氣機\",\"roomArea\":\"600\",\"deviceName\":\"冷氣機01\",\"roomName\":\"公司02\",\"status\":\"開\"}',1,'84f6bce6-2250-4063-a709-9719ec7f61c7','2024-02-27 00:00:00.714000','設備開關'),(6239,'{\"deviceType\":\"冷氣機\",\"roomArea\":\"600\",\"deviceName\":\"冷氣機01\",\"roomName\":\"公司02\",\"status\":\"關\"}',1,'358832cc-d271-4839-962e-fe0726a80b98','2024-02-27 12:00:00.763000','設備開關'),(6240,'{\"deviceType\":\"冷氣機\",\"roomArea\":\"600\",\"deviceName\":\"冷氣機01\",\"roomName\":\"公司02\",\"status\":\"開\"}',1,'b9bf6a5f-a374-439e-860c-1d94c5ec1e96','2024-02-27 21:00:00.808000','設備開關'),(6241,'{\"deviceType\":\"冷氣機\",\"roomArea\":\"600\",\"deviceName\":\"冷氣機01\",\"roomName\":\"公司02\",\"status\":\"關\"}',1,'1d778281-3279-4026-b129-4585b37a0708','2024-02-28 13:00:00.855000','設備開關'),(6242,'{\"deviceType\":\"冷氣機\",\"roomArea\":\"600\",\"deviceName\":\"冷氣機01\",\"roomName\":\"公司02\",\"status\":\"開\"}',1,'8a3f2308-e5dc-412b-8672-854e5b7408bf','2024-02-28 23:00:00.917000','設備開關'),(6243,'{\"deviceType\":\"冷氣機\",\"roomArea\":\"600\",\"deviceName\":\"冷氣機01\",\"roomName\":\"公司02\",\"status\":\"關\"}',1,'431d7df8-a78e-4827-8784-cc313f48869a','2024-02-29 07:00:00.991000','設備開關'),(6244,'{\"deviceType\":\"冷氣機\",\"roomArea\":\"600\",\"deviceName\":\"冷氣機01\",\"roomName\":\"公司02\",\"status\":\"開\"}',1,'ed4febfe-a468-4bc9-8b82-a03b10e763af','2024-03-01 04:00:00.071000','設備開關'),(6245,'{\"deviceType\":\"冷氣機\",\"roomArea\":\"600\",\"deviceName\":\"冷氣機01\",\"roomName\":\"公司02\",\"status\":\"關\"}',1,'e5e33039-fbb6-4b18-a66e-b4d85639ad98','2024-03-01 15:00:00.146000','設備開關'),(6246,'{\"deviceType\":\"冷氣機\",\"roomArea\":\"600\",\"deviceName\":\"冷氣機01\",\"roomName\":\"公司02\",\"status\":\"開\"}',1,'d6540d35-75a4-41f2-89e7-a6137f1cd723','2024-03-02 04:00:00.222000','設備開關'),(6247,'{\"deviceType\":\"冷氣機\",\"roomArea\":\"600\",\"deviceName\":\"冷氣機01\",\"roomName\":\"公司02\",\"status\":\"關\"}',1,'1eeac18b-01d6-4bb6-bebb-582ee064c4ab','2024-03-02 08:00:00.313000','設備開關'),(6248,'{\"deviceType\":\"冷氣機\",\"roomArea\":\"600\",\"deviceName\":\"冷氣機01\",\"roomName\":\"公司02\",\"status\":\"開\"}',1,'3f70914c-0590-434c-9dff-10201f4f98dd','2024-03-03 04:00:00.407000','設備開關'),(6249,'{\"deviceType\":\"冷氣機\",\"roomArea\":\"600\",\"deviceName\":\"冷氣機01\",\"roomName\":\"公司02\",\"status\":\"關\"}',1,'23a1ba5a-8360-409f-b9ab-7fc5c2203d9d','2024-03-03 14:00:00.484000','設備開關'),(6250,'{\"deviceType\":\"冷氣機\",\"roomArea\":\"600\",\"deviceName\":\"冷氣機01\",\"roomName\":\"公司02\",\"status\":\"開\"}',1,'8cd21c0a-8cd9-4393-b7ae-1df0b2ffedfd','2024-03-04 04:00:00.546000','設備開關'),(6251,'{\"deviceType\":\"冷氣機\",\"roomArea\":\"600\",\"deviceName\":\"冷氣機01\",\"roomName\":\"公司02\",\"status\":\"關\"}',1,'dce27b6f-95b4-444d-93e3-3f06255d7cd3','2024-03-04 15:00:00.636000','設備開關'),(6252,'{\"deviceType\":\"冷氣機\",\"roomArea\":\"600\",\"deviceName\":\"冷氣機01\",\"roomName\":\"公司02\",\"status\":\"開\"}',1,'c38c4159-4b87-4486-b4a0-98e3bb9485b7','2024-03-05 03:00:00.713000','設備開關'),(6253,'{\"deviceType\":\"冷氣機\",\"roomArea\":\"600\",\"deviceName\":\"冷氣機01\",\"roomName\":\"公司02\",\"status\":\"關\"}',1,'81ddad65-cd10-4d62-9a3a-1482a71d69fd','2024-03-05 09:00:00.767000','設備開關'),(6254,'{\"deviceType\":\"冷氣機\",\"roomArea\":\"600\",\"deviceName\":\"冷氣機01\",\"roomName\":\"公司02\",\"status\":\"開\"}',1,'7c281a39-5105-48a5-b4a0-c3f8da12115c','2024-03-05 23:00:00.812000','設備開關'),(6255,'{\"deviceType\":\"冷氣機\",\"roomArea\":\"600\",\"deviceName\":\"冷氣機01\",\"roomName\":\"公司02\",\"status\":\"關\"}',1,'f280d050-bc52-43a0-ac55-42dac0e2993c','2024-03-06 04:00:00.899000','設備開關'),(6256,'{\"deviceType\":\"冷氣機\",\"roomArea\":\"600\",\"deviceName\":\"冷氣機01\",\"roomName\":\"公司02\",\"status\":\"開\"}',1,'3be118cd-ba76-41bc-9eec-535772b37514','2024-03-07 01:00:00.961000','設備開關'),(6257,'{\"deviceType\":\"冷氣機\",\"roomArea\":\"600\",\"deviceName\":\"冷氣機01\",\"roomName\":\"公司02\",\"status\":\"關\"}',1,'3c7c6725-8fdf-4277-94fd-f2493c705d51','2024-03-07 09:00:00.022000','設備開關'),(6258,'{\"deviceType\":\"冷氣機\",\"roomArea\":\"600\",\"deviceName\":\"冷氣機01\",\"roomName\":\"公司02\",\"status\":\"開\"}',1,'921495f3-da4a-4395-9dcc-073cfc2f6370','2024-03-07 23:00:00.098000','設備開關'),(6259,'{\"deviceType\":\"冷氣機\",\"roomArea\":\"600\",\"deviceName\":\"冷氣機01\",\"roomName\":\"公司02\",\"status\":\"關\"}',1,'5f6e0ea6-e115-484e-832b-d715a88bc647','2024-03-08 14:00:00.145000','設備開關'),(6260,'{\"deviceType\":\"冷氣機\",\"roomArea\":\"600\",\"deviceName\":\"冷氣機01\",\"roomName\":\"公司02\",\"status\":\"開\"}',1,'db8e19bb-2c1f-48b1-be80-a14b17c32cc1','2024-03-09 02:00:00.220000','設備開關'),(6261,'{\"deviceType\":\"冷氣機\",\"roomArea\":\"600\",\"deviceName\":\"冷氣機01\",\"roomName\":\"公司02\",\"status\":\"關\"}',1,'dd4c7017-8b0e-446f-afc1-5a95e95015d3','2024-03-09 08:00:00.281000','設備開關'),(6262,'{\"deviceType\":\"冷氣機\",\"roomArea\":\"600\",\"deviceName\":\"冷氣機01\",\"roomName\":\"公司02\",\"status\":\"開\"}',1,'492291ec-768c-4ccc-b1eb-7de8a4f1ba5e','2024-03-10 00:00:00.329000','設備開關'),(6263,'{\"deviceType\":\"冷氣機\",\"roomArea\":\"600\",\"deviceName\":\"冷氣機01\",\"roomName\":\"公司02\",\"status\":\"關\"}',1,'f1046da4-7708-4f85-9c64-d947173acf05','2024-03-10 11:00:00.418000','設備開關'),(6264,'{\"deviceType\":\"冷氣機\",\"roomArea\":\"600\",\"deviceName\":\"冷氣機01\",\"roomName\":\"公司02\",\"status\":\"開\"}',1,'e1683320-65e8-4f9d-a86e-ae8db059166e','2024-03-11 01:00:00.465000','設備開關'),(6265,'{\"deviceType\":\"冷氣機\",\"roomArea\":\"600\",\"deviceName\":\"冷氣機01\",\"roomName\":\"公司02\",\"status\":\"關\"}',1,'331df8a9-111a-44d7-a42a-a293f2af9de4','2024-03-11 12:00:00.527000','設備開關'),(6266,'{\"deviceType\":\"冷氣機\",\"roomArea\":\"600\",\"deviceName\":\"冷氣機01\",\"roomName\":\"公司02\",\"status\":\"開\"}',1,'77eb1e91-2308-405a-bdfc-ccea149b267a','2024-03-12 04:00:00.605000','設備開關'),(6267,'{\"deviceType\":\"冷氣機\",\"roomArea\":\"600\",\"deviceName\":\"冷氣機01\",\"roomName\":\"公司02\",\"status\":\"關\"}',1,'6bbf470f-7b78-43ea-b1cb-2996f33e0167','2024-03-12 06:00:00.650000','設備開關'),(6268,'{\"deviceType\":\"冷氣機\",\"roomArea\":\"600\",\"deviceName\":\"冷氣機01\",\"roomName\":\"公司02\",\"status\":\"開\"}',1,'2405f752-fa15-4bfd-aa7d-bf63e775b36e','2024-03-13 02:00:00.743000','設備開關'),(6269,'{\"deviceType\":\"冷氣機\",\"roomArea\":\"600\",\"deviceName\":\"冷氣機01\",\"roomName\":\"公司02\",\"status\":\"關\"}',1,'66590604-d184-4a01-8faa-f292273d276d','2024-03-13 11:00:00.820000','設備開關'),(6270,'{\"deviceType\":\"冷氣機\",\"roomArea\":\"600\",\"deviceName\":\"冷氣機01\",\"roomName\":\"公司02\",\"status\":\"開\"}',1,'82cf3b5e-8d98-41fa-a15a-64552ce9698d','2024-03-13 21:00:00.913000','設備開關'),(6271,'{\"deviceType\":\"冷氣機\",\"roomArea\":\"600\",\"deviceName\":\"冷氣機01\",\"roomName\":\"公司02\",\"status\":\"關\"}',1,'ed534dea-beda-4b88-914c-e5608c12aa50','2024-03-14 07:00:00.990000','設備開關'),(6272,'{\"deviceType\":\"冷氣機\",\"roomArea\":\"600\",\"deviceName\":\"冷氣機01\",\"roomName\":\"公司02\",\"status\":\"開\"}',1,'184b8ff7-726f-4317-9afb-aa9717d62426','2024-03-14 21:00:00.081000','設備開關'),(6273,'{\"deviceType\":\"冷氣機\",\"roomArea\":\"600\",\"deviceName\":\"冷氣機01\",\"roomName\":\"公司02\",\"status\":\"關\"}',1,'3bef0f45-e3dd-4fd1-ba5f-28dc404f7f9b','2024-03-15 05:00:00.175000','設備開關'),(6274,'{\"deviceType\":\"冷氣機\",\"roomArea\":\"600\",\"deviceName\":\"冷氣機01\",\"roomName\":\"公司02\",\"status\":\"開\"}',1,'588b859c-6cf4-406b-95ef-6ffa2deaf61d','2024-03-15 21:00:00.266000','設備開關'),(6275,'{\"deviceType\":\"冷氣機\",\"roomArea\":\"600\",\"deviceName\":\"冷氣機01\",\"roomName\":\"公司02\",\"status\":\"關\"}',1,'6e72301d-e1c9-474e-ae04-fa4ac138d67f','2024-03-16 07:00:00.344000','設備開關'),(6276,'{\"deviceType\":\"冷氣機\",\"roomArea\":\"600\",\"deviceName\":\"冷氣機01\",\"roomName\":\"公司02\",\"status\":\"開\"}',1,'8752196d-aebe-4c66-9f29-1a6a744e2a0b','2024-03-17 04:00:00.420000','設備開關'),(6277,'{\"deviceType\":\"冷氣機\",\"roomArea\":\"600\",\"deviceName\":\"冷氣機01\",\"roomName\":\"公司02\",\"status\":\"關\"}',1,'e20f7679-8491-4806-9b7b-a3f1de47c7c0','2024-03-17 08:00:00.511000','設備開關'),(6278,'{\"deviceType\":\"冷氣機\",\"roomArea\":\"600\",\"deviceName\":\"冷氣機01\",\"roomName\":\"公司02\",\"status\":\"開\"}',1,'56e35553-49f3-454c-982c-4b65bac8559a','2024-03-18 00:00:00.588000','設備開關'),(6279,'{\"deviceType\":\"冷氣機\",\"roomArea\":\"600\",\"deviceName\":\"冷氣機01\",\"roomName\":\"公司02\",\"status\":\"關\"}',1,'b0dbf95e-7baf-4e2d-83ba-81d3d08763c4','2024-03-18 11:00:00.666000','設備開關'),(6280,'{\"deviceType\":\"冷氣機\",\"roomArea\":\"600\",\"deviceName\":\"冷氣機01\",\"roomName\":\"公司02\",\"status\":\"開\"}',1,'1169f8c5-6957-4c7b-bc05-fb2303dcb092','2024-03-19 03:00:00.727000','設備開關'),(6281,'{\"deviceType\":\"冷氣機\",\"roomArea\":\"600\",\"deviceName\":\"冷氣機01\",\"roomName\":\"公司02\",\"status\":\"關\"}',1,'a2172932-976a-4808-a5c0-4e33aa4367c3','2024-03-19 06:00:00.819000','設備開關'),(6282,'{\"deviceType\":\"冷氣機\",\"roomArea\":\"600\",\"deviceName\":\"冷氣機01\",\"roomName\":\"公司02\",\"status\":\"開\"}',1,'989e04b4-e20b-469a-92d1-945e2c684e05','2024-03-20 02:00:00.898000','設備開關'),(6283,'{\"deviceType\":\"冷氣機\",\"roomArea\":\"600\",\"deviceName\":\"冷氣機01\",\"roomName\":\"公司02\",\"status\":\"關\"}',1,'58d96643-99d9-433b-a955-c831c9e8d3e0','2024-03-20 09:00:00.975000','設備開關'),(6284,'{\"deviceType\":\"冷氣機\",\"roomArea\":\"600\",\"deviceName\":\"冷氣機01\",\"roomName\":\"公司02\",\"status\":\"開\"}',1,'f6933b52-d5f5-450f-9a96-beda2c0d1441','2024-03-21 01:00:00.052000','設備開關'),(6285,'{\"deviceType\":\"冷氣機\",\"roomArea\":\"600\",\"deviceName\":\"冷氣機01\",\"roomName\":\"公司02\",\"status\":\"關\"}',1,'a32949b0-5aa6-4ba4-a3b9-cc0cb520e552','2024-03-21 10:00:00.144000','設備開關'),(6286,'{\"deviceType\":\"冷氣機\",\"roomArea\":\"600\",\"deviceName\":\"冷氣機01\",\"roomName\":\"公司02\",\"status\":\"開\"}',1,'90d86682-5772-4ecd-a07f-a32ec7bcfbcf','2024-03-22 01:00:00.222000','設備開關'),(6287,'{\"deviceType\":\"冷氣機\",\"roomArea\":\"600\",\"deviceName\":\"冷氣機01\",\"roomName\":\"公司02\",\"status\":\"關\"}',1,'0b56407e-8b61-483a-ac7a-deafbcb95020','2024-03-22 13:00:00.298000','設備開關'),(6288,'{\"deviceType\":\"冷氣機\",\"roomArea\":\"600\",\"deviceName\":\"冷氣機01\",\"roomName\":\"公司02\",\"status\":\"開\"}',1,'82f45306-ab4d-4fee-8278-8acd9be78322','2024-03-23 02:00:00.358000','設備開關'),(6289,'{\"deviceType\":\"冷氣機\",\"roomArea\":\"600\",\"deviceName\":\"冷氣機01\",\"roomName\":\"公司02\",\"status\":\"關\"}',1,'836e2c53-f046-4f40-b8b9-717eac336256','2024-03-23 10:00:00.436000','設備開關'),(6290,'{\"deviceType\":\"冷氣機\",\"roomArea\":\"600\",\"deviceName\":\"冷氣機01\",\"roomName\":\"公司02\",\"status\":\"開\"}',1,'4cf5fc55-b4ba-44fc-87c2-e7ef38b5d5ef','2024-03-23 23:00:00.511000','設備開關'),(6291,'{\"deviceType\":\"冷氣機\",\"roomArea\":\"600\",\"deviceName\":\"冷氣機01\",\"roomName\":\"公司02\",\"status\":\"關\"}',1,'3ad22611-48c3-411c-a86d-6d7f144316ec','2024-03-24 14:00:00.559000','設備開關'),(6292,'{\"deviceType\":\"冷氣機\",\"roomArea\":\"600\",\"deviceName\":\"冷氣機01\",\"roomName\":\"公司02\",\"status\":\"開\"}',1,'65cceec8-071c-4fa0-935c-052bc0f22fc2','2024-03-25 00:00:00.650000','設備開關'),(6293,'{\"deviceType\":\"冷氣機\",\"roomArea\":\"600\",\"deviceName\":\"冷氣機01\",\"roomName\":\"公司02\",\"status\":\"關\"}',1,'b615f8e1-10d7-4e47-b794-54b74d4026b7','2024-03-25 09:00:00.726000','設備開關'),(6294,'{\"deviceType\":\"冷氣機\",\"roomArea\":\"600\",\"deviceName\":\"冷氣機01\",\"roomName\":\"公司02\",\"status\":\"開\"}',1,'05c08566-0900-4f06-ae60-4071824690c7','2024-03-26 00:00:00.787000','設備開關'),(6295,'{\"deviceType\":\"冷氣機\",\"roomArea\":\"600\",\"deviceName\":\"冷氣機01\",\"roomName\":\"公司02\",\"status\":\"關\"}',1,'da3e99fd-45d6-45bb-aa89-0bbc637055b7','2024-03-26 09:00:00.863000','設備開關'),(6296,'{\"deviceType\":\"冷氣機\",\"roomArea\":\"600\",\"deviceName\":\"冷氣機01\",\"roomName\":\"公司02\",\"status\":\"開\"}',1,'0020e945-f481-450b-a43e-5af53f699c95','2024-03-27 04:00:00.925000','設備開關'),(6297,'{\"deviceType\":\"冷氣機\",\"roomArea\":\"600\",\"deviceName\":\"冷氣機01\",\"roomName\":\"公司02\",\"status\":\"關\"}',1,'2db5f4c5-5a35-4ad3-95e9-766686601526','2024-03-27 12:00:00.003000','設備開關'),(6298,'{\"deviceType\":\"冷氣機\",\"roomArea\":\"600\",\"deviceName\":\"冷氣機01\",\"roomName\":\"公司02\",\"status\":\"開\"}',1,'b35d5451-8636-4b92-96cf-2b2caa3e7eae','2024-03-28 00:00:00.081000','設備開關'),(6299,'{\"deviceType\":\"冷氣機\",\"roomArea\":\"600\",\"deviceName\":\"冷氣機01\",\"roomName\":\"公司02\",\"status\":\"關\"}',1,'44f615ce-6b45-48fd-98e1-c25367986100','2024-03-28 15:00:00.173000','設備開關'),(6300,'{\"deviceType\":\"冷氣機\",\"roomArea\":\"600\",\"deviceName\":\"冷氣機01\",\"roomName\":\"公司02\",\"status\":\"開\"}',1,'a0665880-4a50-4907-9c19-c0b226dd16c4','2024-03-29 00:00:00.234000','設備開關'),(6301,'{\"deviceType\":\"冷氣機\",\"roomArea\":\"600\",\"deviceName\":\"冷氣機01\",\"roomName\":\"公司02\",\"status\":\"關\"}',1,'5bc51b5e-a6b8-46b7-b7f9-d2a483cea821','2024-03-29 16:00:00.296000','設備開關'),(6302,'{\"deviceType\":\"冷氣機\",\"roomArea\":\"600\",\"deviceName\":\"冷氣機01\",\"roomName\":\"公司02\",\"status\":\"開\"}',1,'3398911e-c7bf-4780-b919-bcf109e4af58','2024-03-30 02:00:00.390000','設備開關'),(6303,'{\"deviceType\":\"冷氣機\",\"roomArea\":\"600\",\"deviceName\":\"冷氣機01\",\"roomName\":\"公司02\",\"status\":\"關\"}',1,'5b0c0d04-45d9-4071-bcba-93705bb021c6','2024-03-30 07:00:00.450000','設備開關'),(6304,'{\"deviceType\":\"冷氣機\",\"roomArea\":\"600\",\"deviceName\":\"冷氣機01\",\"roomName\":\"公司02\",\"status\":\"開\"}',1,'36152603-7115-4947-aeb8-250c122578b6','2024-03-31 01:00:00.541000','設備開關'),(6305,'{\"deviceType\":\"冷氣機\",\"roomArea\":\"600\",\"deviceName\":\"冷氣機01\",\"roomName\":\"公司02\",\"status\":\"關\"}',1,'38c4b6b4-e71c-4022-9ae1-afe85b5a721b','2024-03-31 08:00:00.618000','設備開關'),(6306,'{\"deviceType\":\"冷氣機\",\"roomArea\":\"600\",\"deviceName\":\"冷氣機01\",\"roomName\":\"公司02\",\"status\":\"開\"}',1,'c9fdbfaf-3504-4f06-a25e-5fd195298d31','2024-03-31 23:00:00.696000','設備開關'),(6307,'{\"deviceType\":\"冷氣機\",\"roomArea\":\"600\",\"deviceName\":\"冷氣機01\",\"roomName\":\"公司02\",\"status\":\"關\"}',1,'88e874e7-5db7-48c5-ae47-e0ba6936e7a5','2024-04-01 09:00:00.775000','設備開關'),(6308,'{\"deviceType\":\"冷氣機\",\"roomArea\":\"600\",\"deviceName\":\"冷氣機01\",\"roomName\":\"公司02\",\"status\":\"開\"}',1,'b3dd1aae-5c42-4cab-8a51-997b3d008302','2024-04-01 23:00:00.853000','設備開關'),(6309,'{\"deviceType\":\"冷氣機\",\"roomArea\":\"600\",\"deviceName\":\"冷氣機01\",\"roomName\":\"公司02\",\"status\":\"關\"}',1,'4316de4a-e273-44d2-bafa-712b662dadbb','2024-04-02 11:00:00.931000','設備開關'),(6310,'{\"deviceType\":\"冷氣機\",\"roomArea\":\"600\",\"deviceName\":\"冷氣機01\",\"roomName\":\"公司02\",\"status\":\"開\"}',1,'f9a04f02-0e59-41a7-a7b2-36f403d20982','2024-04-02 22:00:00.021000','設備開關'),(6311,'{\"deviceType\":\"冷氣機\",\"roomArea\":\"600\",\"deviceName\":\"冷氣機01\",\"roomName\":\"公司02\",\"status\":\"關\"}',1,'be517bfc-e451-4457-b7a9-c14146ba9e96','2024-04-03 07:00:00.115000','設備開關'),(6312,'{\"deviceType\":\"冷氣機\",\"roomArea\":\"600\",\"deviceName\":\"冷氣機01\",\"roomName\":\"公司02\",\"status\":\"開\"}',1,'60b74af5-307e-4c63-a399-b4f479853113','2024-04-04 05:00:00.206000','設備開關'),(6313,'{\"deviceType\":\"冷氣機\",\"roomArea\":\"600\",\"deviceName\":\"冷氣機01\",\"roomName\":\"公司02\",\"status\":\"關\"}',1,'cd97f7fe-44e9-4b83-aad9-af1c88174477','2024-04-04 09:00:00.282000','設備開關'),(6314,'{\"deviceType\":\"冷氣機\",\"roomArea\":\"600\",\"deviceName\":\"冷氣機01\",\"roomName\":\"公司02\",\"status\":\"開\"}',1,'5a272f76-3fe5-4caa-aa17-6ddfda4c7f09','2024-04-05 05:00:00.375000','設備開關'),(6315,'{\"deviceType\":\"冷氣機\",\"roomArea\":\"600\",\"deviceName\":\"冷氣機01\",\"roomName\":\"公司02\",\"status\":\"關\"}',1,'a374cebd-19bb-4eb9-8dd2-1fc00783d241','2024-04-05 09:00:00.451000','設備開關'),(6316,'{\"deviceType\":\"冷氣機\",\"roomArea\":\"600\",\"deviceName\":\"冷氣機01\",\"roomName\":\"公司02\",\"status\":\"開\"}',1,'ff496869-8b76-4660-a4a8-042cf32778f8','2024-04-06 03:00:00.514000','設備開關'),(6317,'{\"deviceType\":\"冷氣機\",\"roomArea\":\"600\",\"deviceName\":\"冷氣機01\",\"roomName\":\"公司02\",\"status\":\"關\"}',1,'f2ba1e84-8583-41f3-ad3c-1c5544a21b64','2024-04-06 11:00:00.606000','設備開關'),(6318,'{\"deviceType\":\"冷氣機\",\"roomArea\":\"600\",\"deviceName\":\"冷氣機01\",\"roomName\":\"公司02\",\"status\":\"開\"}',1,'76138e63-4626-4058-a58a-82b03da1ed3d','2024-04-07 03:00:00.681000','設備開關'),(6319,'{\"deviceType\":\"冷氣機\",\"roomArea\":\"600\",\"deviceName\":\"冷氣機01\",\"roomName\":\"公司02\",\"status\":\"關\"}',1,'ecbe8d26-1827-42a0-839b-41b70acfbb0d','2024-04-07 17:00:00.758000','設備開關'),(6320,'{\"deviceType\":\"冷氣機\",\"roomArea\":\"600\",\"deviceName\":\"冷氣機01\",\"roomName\":\"公司02\",\"status\":\"開\"}',1,'6d0cbc7d-4a77-40cb-804d-aa30478983d3','2024-04-08 03:00:00.837000','設備開關'),(6321,'{\"deviceType\":\"冷氣機\",\"roomArea\":\"600\",\"deviceName\":\"冷氣機01\",\"roomName\":\"公司02\",\"status\":\"關\"}',1,'9def0473-a8a4-416a-a0fc-36e13f9fb727','2024-04-08 13:00:00.899000','設備開關'),(6322,'{\"deviceType\":\"冷氣機\",\"roomArea\":\"600\",\"deviceName\":\"冷氣機01\",\"roomName\":\"公司02\",\"status\":\"開\"}',1,'73552f60-5a91-4c13-9c55-f020fab7ed55','2024-04-09 02:00:00.974000','設備開關'),(6323,'{\"deviceType\":\"冷氣機\",\"roomArea\":\"600\",\"deviceName\":\"冷氣機01\",\"roomName\":\"公司02\",\"status\":\"關\"}',1,'976ed365-b695-4ed4-aa76-ae160d2762b6','2024-04-09 10:00:00.050000','設備開關'),(6324,'{\"deviceType\":\"冷氣機\",\"roomArea\":\"600\",\"deviceName\":\"冷氣機01\",\"roomName\":\"公司02\",\"status\":\"開\"}',1,'fe9bec73-f9db-489e-8e8d-905819a65cbf','2024-04-10 04:00:00.142000','設備開關'),(6325,'{\"deviceType\":\"冷氣機\",\"roomArea\":\"600\",\"deviceName\":\"冷氣機01\",\"roomName\":\"公司02\",\"status\":\"關\"}',1,'8eb80cb1-f4bc-4931-a5a0-5d81ad639843','2024-04-10 09:00:00.234000','設備開關'),(6326,'{\"deviceType\":\"冷氣機\",\"roomArea\":\"600\",\"deviceName\":\"冷氣機01\",\"roomName\":\"公司02\",\"status\":\"開\"}',1,'33fff3cc-a189-4cc9-9cc0-55e05c284919','2024-04-11 03:00:00.326000','設備開關'),(6327,'{\"deviceType\":\"冷氣機\",\"roomArea\":\"600\",\"deviceName\":\"冷氣機01\",\"roomName\":\"公司02\",\"status\":\"關\"}',1,'77bba4e7-4bc3-4b96-ac81-9e7a9acfebd6','2024-04-11 16:00:00.402000','設備開關'),(6328,'{\"deviceType\":\"冷氣機\",\"roomArea\":\"600\",\"deviceName\":\"冷氣機01\",\"roomName\":\"公司02\",\"status\":\"開\"}',1,'21a45e86-daff-4a84-a328-27757b7d3112','2024-04-11 23:00:00.465000','設備開關'),(6329,'{\"deviceType\":\"冷氣機\",\"roomArea\":\"600\",\"deviceName\":\"冷氣機01\",\"roomName\":\"公司02\",\"status\":\"關\"}',1,'b163aa78-92cc-4199-b6e1-8a87500df594','2024-04-12 08:00:00.555000','設備開關'),(6330,'{\"deviceType\":\"冷氣機\",\"roomArea\":\"600\",\"deviceName\":\"冷氣機01\",\"roomName\":\"公司02\",\"status\":\"開\"}',1,'6a9d605b-c514-4de8-96b5-bfe99f38d805','2024-04-12 23:00:00.646000','設備開關'),(6331,'{\"deviceType\":\"冷氣機\",\"roomArea\":\"600\",\"deviceName\":\"冷氣機01\",\"roomName\":\"公司02\",\"status\":\"關\"}',1,'0ee61407-f607-48fe-9a19-7394fbf6a3fe','2024-04-13 11:00:00.722000','設備開關'),(6332,'{\"deviceType\":\"冷氣機\",\"roomArea\":\"600\",\"deviceName\":\"冷氣機01\",\"roomName\":\"公司02\",\"status\":\"開\"}',1,'1f948918-2cef-4157-a240-d2c43a7699ba','2024-04-14 02:00:00.799000','設備開關'),(6333,'{\"deviceType\":\"冷氣機\",\"roomArea\":\"600\",\"deviceName\":\"冷氣機01\",\"roomName\":\"公司02\",\"status\":\"關\"}',1,'a021e923-505b-479e-b0ca-e62a52d86fb0','2024-04-14 10:00:00.879000','設備開關'),(6334,'{\"deviceType\":\"冷氣機\",\"roomArea\":\"600\",\"deviceName\":\"冷氣機01\",\"roomName\":\"公司02\",\"status\":\"開\"}',1,'b62d5054-382d-40c6-b2be-db1ea7068166','2024-04-15 02:00:00.973000','設備開關'),(6335,'{\"deviceType\":\"冷氣機\",\"roomArea\":\"600\",\"deviceName\":\"冷氣機01\",\"roomName\":\"公司02\",\"status\":\"關\"}',1,'e780726d-57d9-4a3f-8609-e00258b2b4c6','2024-04-15 11:00:00.050000','設備開關'),(6336,'{\"deviceType\":\"冷氣機\",\"roomArea\":\"600\",\"deviceName\":\"冷氣機01\",\"roomName\":\"公司02\",\"status\":\"開\"}',1,'f8065a88-8053-484a-9f9b-053bb0ec5697','2024-04-15 22:00:00.127000','設備開關'),(6337,'{\"deviceType\":\"冷氣機\",\"roomArea\":\"600\",\"deviceName\":\"冷氣機01\",\"roomName\":\"公司02\",\"status\":\"關\"}',1,'86cb55e7-d8d2-43e0-a162-9dce33d263c8','2024-04-16 05:00:00.218000','設備開關'),(6338,'{\"deviceType\":\"冷氣機\",\"roomArea\":\"600\",\"deviceName\":\"冷氣機01\",\"roomName\":\"公司02\",\"status\":\"開\"}',1,'089698b3-7b27-4603-aa2c-2b2c893e7aee','2024-04-17 03:00:00.297000','設備開關'),(6339,'{\"deviceType\":\"冷氣機\",\"roomArea\":\"600\",\"deviceName\":\"冷氣機01\",\"roomName\":\"公司02\",\"status\":\"關\"}',1,'f3bce67f-501b-4532-9509-94ec54894122','2024-04-17 10:00:00.389000','設備開關'),(6340,'{\"deviceType\":\"冷氣機\",\"roomArea\":\"600\",\"deviceName\":\"冷氣機01\",\"roomName\":\"公司02\",\"status\":\"開\"}',1,'2663ec99-1380-488a-afbc-0351913f072d','2024-04-17 23:00:00.482000','設備開關'),(6341,'{\"deviceType\":\"冷氣機\",\"roomArea\":\"600\",\"deviceName\":\"冷氣機01\",\"roomName\":\"公司02\",\"status\":\"關\"}',1,'8870c669-4a59-4916-b421-44a68334ca39','2024-04-18 12:00:00.561000','設備開關'),(6342,'{\"deviceType\":\"冷氣機\",\"roomArea\":\"600\",\"deviceName\":\"冷氣機01\",\"roomName\":\"公司02\",\"status\":\"開\"}',1,'934bbcec-8f3b-4364-8b8b-d54356b11716','2024-04-19 05:00:00.624000','設備開關'),(6343,'{\"deviceType\":\"冷氣機\",\"roomArea\":\"600\",\"deviceName\":\"冷氣機01\",\"roomName\":\"公司02\",\"status\":\"關\"}',1,'d017f4b2-a1f0-4b71-9a02-b9ad14193668','2024-04-19 16:00:00.701000','設備開關'),(6344,'{\"deviceType\":\"冷氣機\",\"roomArea\":\"600\",\"deviceName\":\"冷氣機01\",\"roomName\":\"公司02\",\"status\":\"開\"}',1,'740fa01c-7af2-4c44-9975-0b8eb3c66ef1','2024-04-20 05:00:00.778000','設備開關'),(6345,'{\"deviceType\":\"冷氣機\",\"roomArea\":\"600\",\"deviceName\":\"冷氣機01\",\"roomName\":\"公司02\",\"status\":\"關\"}',1,'587c93ba-0395-49a4-9f85-39e6f1f43946','2024-04-20 10:00:00.854000','設備開關'),(6346,'{\"deviceType\":\"冷氣機\",\"roomArea\":\"600\",\"deviceName\":\"冷氣機01\",\"roomName\":\"公司02\",\"status\":\"開\"}',1,'ddccbcab-04c1-4709-b1f9-de2425dfb852','2024-04-21 01:00:00.870000','設備開關'),(6347,'{\"deviceType\":\"冷氣機\",\"roomArea\":\"600\",\"deviceName\":\"冷氣機01\",\"roomName\":\"公司02\",\"status\":\"關\"}',1,'40f0cf66-08ee-4f25-b791-1c0544417bb0','2024-04-21 12:00:00.947000','設備開關'),(6348,'{\"deviceType\":\"冷氣機\",\"roomArea\":\"600\",\"deviceName\":\"冷氣機01\",\"roomName\":\"公司02\",\"status\":\"開\"}',1,'bf93db1d-60d0-4a18-bcc4-63adc1ff5581','2024-04-22 02:00:00.024000','設備開關'),(6349,'{\"deviceType\":\"冷氣機\",\"roomArea\":\"600\",\"deviceName\":\"冷氣機01\",\"roomName\":\"公司02\",\"status\":\"關\"}',1,'1ca139cc-9a71-4efb-b9e7-d4ee3c8faca8','2024-04-22 15:00:00.102000','設備開關'),(6350,'{\"deviceType\":\"冷氣機\",\"roomArea\":\"600\",\"deviceName\":\"冷氣機01\",\"roomName\":\"公司02\",\"status\":\"開\"}',1,'4e255600-aff2-49d8-85e3-eb38dab49593','2024-04-23 03:00:00.180000','設備開關'),(6351,'{\"deviceType\":\"冷氣機\",\"roomArea\":\"600\",\"deviceName\":\"冷氣機01\",\"roomName\":\"公司02\",\"status\":\"關\"}',1,'a4ce66df-88d6-493b-8439-b76b13f9d887','2024-04-23 14:00:00.257000','設備開關'),(6352,'{\"deviceType\":\"冷氣機\",\"roomArea\":\"600\",\"deviceName\":\"冷氣機01\",\"roomName\":\"公司02\",\"status\":\"開\"}',1,'8bc217ff-d84d-40cd-a502-376e3ce57b3e','2024-04-24 04:00:00.348000','設備開關'),(6353,'{\"deviceType\":\"冷氣機\",\"roomArea\":\"600\",\"deviceName\":\"冷氣機01\",\"roomName\":\"公司02\",\"status\":\"關\"}',1,'c062b5fa-9cc6-4619-bb97-3ec26ecaab21','2024-04-24 13:00:00.423000','設備開關'),(6354,'{\"deviceType\":\"冷氣機\",\"roomArea\":\"600\",\"deviceName\":\"冷氣機01\",\"roomName\":\"公司02\",\"status\":\"開\"}',1,'3b2d59dc-2a2e-4d93-a7d2-53a99e63b001','2024-04-25 01:00:00.517000','設備開關'),(6355,'{\"deviceType\":\"冷氣機\",\"roomArea\":\"600\",\"deviceName\":\"冷氣機01\",\"roomName\":\"公司02\",\"status\":\"關\"}',1,'06bbec38-add7-4911-899a-e8ee1281d263','2024-04-25 14:00:00.610000','設備開關'),(6356,'{\"deviceType\":\"冷氣機\",\"roomArea\":\"600\",\"deviceName\":\"冷氣機01\",\"roomName\":\"公司02\",\"status\":\"開\"}',1,'f549152c-da2f-411e-a00d-7f8895366dd5','2024-04-26 02:00:00.687000','設備開關'),(6357,'{\"deviceType\":\"冷氣機\",\"roomArea\":\"600\",\"deviceName\":\"冷氣機01\",\"roomName\":\"公司02\",\"status\":\"關\"}',1,'d96ffed2-a88e-47dc-a967-99873bc2ce9f','2024-04-26 05:00:00.764000','設備開關'),(6358,'{\"deviceType\":\"冷氣機\",\"roomArea\":\"600\",\"deviceName\":\"冷氣機01\",\"roomName\":\"公司02\",\"status\":\"開\"}',1,'7c9177f7-61bf-479b-8549-a5e0d3556f94','2024-04-27 04:00:00.840000','設備開關'),(6359,'{\"deviceType\":\"冷氣機\",\"roomArea\":\"600\",\"deviceName\":\"冷氣機01\",\"roomName\":\"公司02\",\"status\":\"關\"}',1,'97180101-6528-4711-b0cd-bf9829da71bc','2024-04-27 12:00:00.917000','設備開關'),(6360,'{\"deviceType\":\"冷氣機\",\"roomArea\":\"600\",\"deviceName\":\"冷氣機01\",\"roomName\":\"公司02\",\"status\":\"開\"}',1,'17add212-91f4-4f93-9c93-724b0a2ee937','2024-04-28 00:00:00.995000','設備開關'),(6361,'{\"deviceType\":\"冷氣機\",\"roomArea\":\"600\",\"deviceName\":\"冷氣機01\",\"roomName\":\"公司02\",\"status\":\"關\"}',1,'346443a4-14f3-4246-b1f8-a9286e506412','2024-04-28 09:00:00.087000','設備開關'),(6362,'{\"deviceType\":\"冷氣機\",\"roomArea\":\"600\",\"deviceName\":\"冷氣機01\",\"roomName\":\"公司02\",\"status\":\"開\"}',1,'81b05996-f4e8-4ce1-b527-915ca8c2b3dc','2024-04-29 00:00:00.178000','設備開關'),(6363,'{\"deviceType\":\"冷氣機\",\"roomArea\":\"600\",\"deviceName\":\"冷氣機01\",\"roomName\":\"公司02\",\"status\":\"關\"}',1,'48ece44c-4253-4e65-b6b4-4e9394eb74ef','2024-04-29 05:00:00.272000','設備開關'),(6364,'{\"deviceType\":\"冷氣機\",\"roomArea\":\"600\",\"deviceName\":\"冷氣機01\",\"roomName\":\"公司02\",\"status\":\"開\"}',1,'67f61492-54df-4009-9271-b37fade7d7ec','2024-04-30 00:00:00.362000','設備開關'),(6365,'{\"deviceType\":\"冷氣機\",\"roomArea\":\"600\",\"deviceName\":\"冷氣機01\",\"roomName\":\"公司02\",\"status\":\"關\"}',1,'6f5b5894-9185-40ec-b6a9-92f8e7b7a9bc','2024-04-30 07:00:00.440000','設備開關'),(6366,'{\"deviceType\":\"冷氣機\",\"roomArea\":\"600\",\"deviceName\":\"冷氣機01\",\"roomName\":\"公司02\",\"status\":\"開\"}',1,'e73c40a8-de84-4b46-bc94-edebe5670ea9','2024-04-30 23:00:00.531000','設備開關'),(6367,'{\"deviceType\":\"冷氣機\",\"roomArea\":\"600\",\"deviceName\":\"冷氣機01\",\"roomName\":\"公司02\",\"status\":\"關\"}',1,'d41cd7d5-0850-40ce-8632-04c01532cb77','2024-05-01 10:00:00.609000','設備開關'),(6368,'{\"deviceType\":\"冷氣機\",\"roomArea\":\"600\",\"deviceName\":\"冷氣機01\",\"roomName\":\"公司02\",\"status\":\"開\"}',1,'7a59fd1b-5dc4-4c05-add4-912f55f89dd2','2024-05-02 03:00:00.701000','設備開關'),(6369,'{\"deviceType\":\"冷氣機\",\"roomArea\":\"600\",\"deviceName\":\"冷氣機01\",\"roomName\":\"公司02\",\"status\":\"關\"}',1,'89a16488-34eb-4b67-a123-18ccd4612b19','2024-05-02 14:00:00.794000','設備開關'),(6370,'{\"deviceType\":\"冷氣機\",\"roomArea\":\"600\",\"deviceName\":\"冷氣機01\",\"roomName\":\"公司02\",\"status\":\"開\"}',1,'fb6101eb-14f4-4e51-bb7d-d427424b42a9','2024-05-03 02:00:00.887000','設備開關'),(6371,'{\"deviceType\":\"冷氣機\",\"roomArea\":\"600\",\"deviceName\":\"冷氣機01\",\"roomName\":\"公司02\",\"status\":\"關\"}',1,'2041a4c7-a0a4-4aca-9511-8e9a870ee574','2024-05-03 14:00:00.965000','設備開關'),(6372,'{\"deviceType\":\"冷氣機\",\"roomArea\":\"600\",\"deviceName\":\"冷氣機01\",\"roomName\":\"公司02\",\"status\":\"開\"}',1,'8144913a-d656-42e4-b31e-6c5a6fb29ecc','2024-05-04 04:00:00.041000','設備開關'),(6373,'{\"deviceType\":\"冷氣機\",\"roomArea\":\"600\",\"deviceName\":\"冷氣機01\",\"roomName\":\"公司02\",\"status\":\"關\"}',1,'ae09598d-1472-4347-81bf-081c9df2206a','2024-05-04 15:00:00.103000','設備開關'),(6374,'{\"deviceType\":\"冷氣機\",\"roomArea\":\"600\",\"deviceName\":\"冷氣機01\",\"roomName\":\"公司02\",\"status\":\"開\"}',1,'14cec97e-0224-4357-8fa4-2db869f573b3','2024-05-05 00:00:00.181000','設備開關'),(6375,'{\"deviceType\":\"冷氣機\",\"roomArea\":\"600\",\"deviceName\":\"冷氣機01\",\"roomName\":\"公司02\",\"status\":\"關\"}',1,'103833bc-882a-4f51-82f6-c0f92ed44621','2024-05-05 15:00:00.258000','設備開關'),(6376,'{\"deviceType\":\"冷氣機\",\"roomArea\":\"600\",\"deviceName\":\"冷氣機01\",\"roomName\":\"公司02\",\"status\":\"開\"}',1,'f61d64c4-5ae9-4e1d-86c4-76ed2669384f','2024-05-05 23:00:00.335000','設備開關'),(6377,'{\"deviceType\":\"冷氣機\",\"roomArea\":\"600\",\"deviceName\":\"冷氣機01\",\"roomName\":\"公司02\",\"status\":\"關\"}',1,'24ba6e5b-16ea-4f66-839c-99d489da4a5f','2024-05-06 11:00:00.410000','設備開關'),(6378,'{\"deviceType\":\"冷氣機\",\"roomArea\":\"600\",\"deviceName\":\"冷氣機01\",\"roomName\":\"公司02\",\"status\":\"開\"}',1,'43380bd7-51ed-463d-8b33-a0f392cba54c','2024-05-07 05:00:00.504000','設備開關'),(6379,'{\"deviceType\":\"冷氣機\",\"roomArea\":\"600\",\"deviceName\":\"冷氣機01\",\"roomName\":\"公司02\",\"status\":\"關\"}',1,'2d048306-1437-4240-9e77-e48302491ecf','2024-05-07 10:00:00.596000','設備開關'),(6380,'{\"deviceType\":\"冷氣機\",\"roomArea\":\"600\",\"deviceName\":\"冷氣機01\",\"roomName\":\"公司02\",\"status\":\"開\"}',1,'ab6246ae-435d-483c-804f-90ceae62acfe','2024-05-08 03:00:00.672000','設備開關'),(6381,'{\"deviceType\":\"冷氣機\",\"roomArea\":\"600\",\"deviceName\":\"冷氣機01\",\"roomName\":\"公司02\",\"status\":\"關\"}',1,'d68b9973-1bd6-4e16-ac1b-1d7e5ef01b5d','2024-05-08 18:00:00.747000','設備開關'),(6382,'{\"deviceType\":\"冷氣機\",\"roomArea\":\"600\",\"deviceName\":\"冷氣機01\",\"roomName\":\"公司02\",\"status\":\"開\"}',1,'9ea3f550-f7c4-41d9-84ef-257088607d96','2024-05-08 23:00:00.810000','設備開關'),(6383,'{\"deviceType\":\"冷氣機\",\"roomArea\":\"600\",\"deviceName\":\"冷氣機01\",\"roomName\":\"公司02\",\"status\":\"關\"}',1,'84a8158c-827e-436d-a930-9652ab61da97','2024-05-09 12:00:00.888000','設備開關'),(6384,'{\"deviceType\":\"冷氣機\",\"roomArea\":\"600\",\"deviceName\":\"冷氣機01\",\"roomName\":\"公司02\",\"status\":\"開\"}',1,'fe295d20-8286-4b05-a8b4-60659e7eab9d','2024-05-10 00:00:00.963000','設備開關'),(6385,'{\"deviceType\":\"冷氣機\",\"roomArea\":\"600\",\"deviceName\":\"冷氣機01\",\"roomName\":\"公司02\",\"status\":\"關\"}',1,'1bd10f6a-fc3d-4f88-9980-e8d500ef48f5','2024-05-10 14:00:00.056000','設備開關'),(6386,'{\"deviceType\":\"冷氣機\",\"roomArea\":\"600\",\"deviceName\":\"冷氣機01\",\"roomName\":\"公司02\",\"status\":\"開\"}',1,'d7419159-4f9b-4d37-80de-4ec114492b2d','2024-05-10 23:00:00.133000','設備開關'),(6387,'{\"deviceType\":\"冷氣機\",\"roomArea\":\"600\",\"deviceName\":\"冷氣機01\",\"roomName\":\"公司02\",\"status\":\"關\"}',1,'1b980761-a7af-4df8-9e59-5b600b46c383','2024-05-11 16:00:00.209000','設備開關'),(6388,'{\"deviceType\":\"冷氣機\",\"roomArea\":\"600\",\"deviceName\":\"冷氣機01\",\"roomName\":\"公司02\",\"status\":\"開\"}',1,'97a26e8b-a6e1-4686-8cfa-01da7be0cb98','2024-05-12 02:00:00.285000','設備開關'),(6389,'{\"deviceType\":\"冷氣機\",\"roomArea\":\"600\",\"deviceName\":\"冷氣機01\",\"roomName\":\"公司02\",\"status\":\"關\"}',1,'d0707b87-86e9-4724-84d2-e5c6e3f401a1','2024-05-12 11:00:00.361000','設備開關'),(6390,'{\"deviceType\":\"冷氣機\",\"roomArea\":\"600\",\"deviceName\":\"冷氣機01\",\"roomName\":\"公司02\",\"status\":\"開\"}',1,'cf632b9d-7980-40ac-ba5b-6d77284aa259','2024-05-13 06:00:00.437000','設備開關'),(6391,'{\"deviceType\":\"冷氣機\",\"roomArea\":\"600\",\"deviceName\":\"冷氣機01\",\"roomName\":\"公司02\",\"status\":\"關\"}',1,'97f250aa-e457-4af1-817d-88af4c34989b','2024-05-13 15:00:00.530000','設備開關'),(6392,'{\"deviceType\":\"冷氣機\",\"roomArea\":\"600\",\"deviceName\":\"冷氣機01\",\"roomName\":\"公司02\",\"status\":\"開\"}',1,'c8276b5d-ecf0-4454-946f-a1fb3f6e8e96','2024-05-14 02:00:00.625000','設備開關'),(6393,'{\"deviceType\":\"冷氣機\",\"roomArea\":\"600\",\"deviceName\":\"冷氣機01\",\"roomName\":\"公司02\",\"status\":\"關\"}',1,'c6bcc3d2-bb8f-4b51-adb5-87a7d254a99c','2024-05-14 11:00:00.687000','設備開關'),(6394,'{\"deviceType\":\"冷氣機\",\"roomArea\":\"600\",\"deviceName\":\"冷氣機01\",\"roomName\":\"公司02\",\"status\":\"開\"}',1,'e0978b21-ba84-465e-89f1-c9efd2d51fd0','2024-05-15 03:00:00.763000','設備開關'),(6395,'{\"deviceType\":\"冷氣機\",\"roomArea\":\"600\",\"deviceName\":\"冷氣機01\",\"roomName\":\"公司02\",\"status\":\"關\"}',1,'5cba3142-dcdd-46ef-b20d-3e14d323bceb','2024-05-15 10:00:00.841000','設備開關'),(6396,'{\"deviceType\":\"冷氣機\",\"roomArea\":\"600\",\"deviceName\":\"冷氣機01\",\"roomName\":\"公司02\",\"status\":\"開\"}',1,'68367b42-c5cf-48c8-883d-416627a440dc','2024-05-16 01:00:00.903000','設備開關'),(6397,'{\"deviceType\":\"冷氣機\",\"roomArea\":\"600\",\"deviceName\":\"冷氣機01\",\"roomName\":\"公司02\",\"status\":\"關\"}',1,'5877dc63-5ba0-47be-9aa0-55fc6aaf868d','2024-05-16 11:00:00.995000','設備開關'),(6398,'{\"deviceType\":\"冷氣機\",\"roomArea\":\"600\",\"deviceName\":\"冷氣機01\",\"roomName\":\"公司02\",\"status\":\"開\"}',1,'838ddd67-e452-4916-95d9-8d7a45600d22','2024-05-16 23:00:00.071000','設備開關'),(6399,'{\"deviceType\":\"冷氣機\",\"roomArea\":\"600\",\"deviceName\":\"冷氣機01\",\"roomName\":\"公司02\",\"status\":\"關\"}',1,'c2011226-ea3d-4d81-bc0b-7d1f46a10ea9','2024-05-17 10:00:00.162000','設備開關'),(6400,'{\"deviceType\":\"冷氣機\",\"roomArea\":\"600\",\"deviceName\":\"冷氣機01\",\"roomName\":\"公司02\",\"status\":\"開\"}',1,'9b4080af-a11a-4c02-a517-049dd9fe8e43','2024-05-18 05:00:00.239000','設備開關'),(6401,'{\"deviceType\":\"冷氣機\",\"roomArea\":\"600\",\"deviceName\":\"冷氣機01\",\"roomName\":\"公司02\",\"status\":\"關\"}',1,'f7b8d9a7-77e9-43bd-94ee-7e103fbf6df9','2024-05-18 13:00:00.300000','設備開關'),(6402,'{\"deviceType\":\"冷氣機\",\"roomArea\":\"600\",\"deviceName\":\"冷氣機01\",\"roomName\":\"公司02\",\"status\":\"開\"}',1,'568c0af1-e760-4230-a44a-3902d64f8a06','2024-05-19 05:00:00.394000','設備開關'),(6403,'{\"deviceType\":\"冷氣機\",\"roomArea\":\"600\",\"deviceName\":\"冷氣機01\",\"roomName\":\"公司02\",\"status\":\"關\"}',1,'9dc07487-2861-4eeb-ad9d-9ef8d5752603','2024-05-19 14:00:00.455000','設備開關'),(6404,'{\"deviceType\":\"冷氣機\",\"roomArea\":\"600\",\"deviceName\":\"冷氣機01\",\"roomName\":\"公司02\",\"status\":\"開\"}',1,'f28110b1-9616-4b03-9346-81b78a3347d5','2024-05-20 04:00:00.548000','設備開關'),(6405,'{\"deviceType\":\"冷氣機\",\"roomArea\":\"600\",\"deviceName\":\"冷氣機01\",\"roomName\":\"公司02\",\"status\":\"關\"}',1,'760b0f69-1bd6-4aec-82fa-50152e72dda2','2024-05-20 12:00:00.610000','設備開關'),(6406,'{\"deviceType\":\"冷氣機\",\"roomArea\":\"600\",\"deviceName\":\"冷氣機01\",\"roomName\":\"公司02\",\"status\":\"開\"}',1,'f0f36202-8ba8-4852-883b-9293afbbd101','2024-05-21 00:00:00.670000','設備開關'),(6407,'{\"deviceType\":\"冷氣機\",\"roomArea\":\"600\",\"deviceName\":\"冷氣機01\",\"roomName\":\"公司02\",\"status\":\"關\"}',1,'93a7af49-fe31-4e39-878b-1c9568ebf85f','2024-05-21 13:00:00.747000','設備開關'),(6408,'{\"deviceType\":\"冷氣機\",\"roomArea\":\"600\",\"deviceName\":\"冷氣機01\",\"roomName\":\"公司02\",\"status\":\"開\"}',1,'59a87306-4abd-48ef-ad46-2c67bcb4158d','2024-05-21 23:00:00.824000','設備開關'),(6409,'{\"deviceType\":\"冷氣機\",\"roomArea\":\"600\",\"deviceName\":\"冷氣機01\",\"roomName\":\"公司02\",\"status\":\"關\"}',1,'afe74840-ce88-4e64-a634-6e12d4751881','2024-05-22 14:00:00.915000','設備開關'),(6410,'{\"deviceType\":\"冷氣機\",\"roomArea\":\"600\",\"deviceName\":\"冷氣機01\",\"roomName\":\"公司02\",\"status\":\"開\"}',1,'7595cf1d-c36a-40b9-8b90-6b01bc88a9f8','2024-05-23 05:00:00.992000','設備開關'),(6411,'{\"deviceType\":\"冷氣機\",\"roomArea\":\"600\",\"deviceName\":\"冷氣機01\",\"roomName\":\"公司02\",\"status\":\"關\"}',1,'f6964b08-3143-46e6-8297-ade71155bcde','2024-05-23 11:00:00.068000','設備開關'),(6412,'{\"deviceType\":\"冷氣機\",\"roomArea\":\"600\",\"deviceName\":\"冷氣機01\",\"roomName\":\"公司02\",\"status\":\"開\"}',1,'f80fbdc6-47d5-4867-b288-fc5c061970a2','2024-05-24 06:00:00.160000','設備開關'),(6413,'{\"deviceType\":\"冷氣機\",\"roomArea\":\"600\",\"deviceName\":\"冷氣機01\",\"roomName\":\"公司02\",\"status\":\"關\"}',1,'3f7a6ec2-e641-4735-b89f-5b656b8ae338','2024-05-24 11:00:00.240000','設備開關'),(6414,'{\"deviceType\":\"冷氣機\",\"roomArea\":\"600\",\"deviceName\":\"冷氣機01\",\"roomName\":\"公司02\",\"status\":\"開\"}',1,'7fd841a6-648e-4e09-9ff9-f350fcdec96c','2024-05-25 00:00:00.316000','設備開關'),(6415,'{\"deviceType\":\"冷氣機\",\"roomArea\":\"600\",\"deviceName\":\"冷氣機01\",\"roomName\":\"公司02\",\"status\":\"關\"}',1,'dc4eb3be-6c7d-4133-8a82-a48705af6bea','2024-05-25 11:00:00.377000','設備開關'),(6416,'{\"deviceType\":\"冷氣機\",\"roomArea\":\"600\",\"deviceName\":\"冷氣機01\",\"roomName\":\"公司02\",\"status\":\"開\"}',1,'72c69d0d-1c27-4235-933c-fe2d4c1dcd90','2024-05-26 01:00:00.455000','設備開關'),(6417,'{\"deviceType\":\"冷氣機\",\"roomArea\":\"600\",\"deviceName\":\"冷氣機01\",\"roomName\":\"公司02\",\"status\":\"關\"}',1,'f62da950-eab3-4ee3-a5a2-22ff64f238d5','2024-05-26 12:00:00.532000','設備開關'),(6418,'{\"deviceType\":\"冷氣機\",\"roomArea\":\"600\",\"deviceName\":\"冷氣機01\",\"roomName\":\"公司02\",\"status\":\"開\"}',1,'00d75b97-25d0-496d-99e0-acd9b05916c0','2024-05-27 03:00:00.626000','設備開關'),(6419,'{\"deviceType\":\"冷氣機\",\"roomArea\":\"600\",\"deviceName\":\"冷氣機01\",\"roomName\":\"公司02\",\"status\":\"關\"}',1,'6e417648-0671-428d-889d-38f5eece4532','2024-05-27 18:00:00.703000','設備開關'),(6420,'{\"deviceType\":\"冷氣機\",\"roomArea\":\"600\",\"deviceName\":\"冷氣機01\",\"roomName\":\"公司02\",\"status\":\"開\"}',1,'4a1287c4-9eae-4ef3-ad05-6d8fb250a7a2','2024-05-28 03:00:00.782000','設備開關'),(6421,'{\"deviceType\":\"冷氣機\",\"roomArea\":\"600\",\"deviceName\":\"冷氣機01\",\"roomName\":\"公司02\",\"status\":\"關\"}',1,'6249ef91-dfb5-45c4-8680-b47a5d71d709','2024-05-28 12:00:00.845000','設備開關'),(6422,'{\"deviceType\":\"冷氣機\",\"roomArea\":\"600\",\"deviceName\":\"冷氣機01\",\"roomName\":\"公司02\",\"status\":\"開\"}',1,'9d44c9e2-e2ff-4e3b-96e9-13c9d063f337','2024-05-29 03:00:00.920000','設備開關'),(6423,'{\"deviceType\":\"冷氣機\",\"roomArea\":\"600\",\"deviceName\":\"冷氣機01\",\"roomName\":\"公司02\",\"status\":\"關\"}',1,'bb1ba0ef-4be8-425a-94ff-7f8a9ef73f70','2024-05-29 07:00:00.997000','設備開關'),(6424,'{\"deviceType\":\"冷氣機\",\"roomArea\":\"600\",\"deviceName\":\"冷氣機01\",\"roomName\":\"公司02\",\"status\":\"開\"}',1,'9aa70434-f6e0-495b-99d5-1c91aba7c7ff','2024-05-30 04:00:00.091000','設備開關'),(6425,'{\"deviceType\":\"冷氣機\",\"roomArea\":\"600\",\"deviceName\":\"冷氣機01\",\"roomName\":\"公司02\",\"status\":\"關\"}',1,'fb57607c-7be1-48f3-b397-af8cb92e7a26','2024-05-30 11:00:00.168000','設備開關'),(6426,'{\"deviceType\":\"冷氣機\",\"roomArea\":\"600\",\"deviceName\":\"冷氣機01\",\"roomName\":\"公司02\",\"status\":\"開\"}',1,'41319c9e-c1d0-4d90-b783-0f42912a7c05','2024-05-31 04:00:00.260000','設備開關'),(6427,'{\"deviceType\":\"冷氣機\",\"roomArea\":\"600\",\"deviceName\":\"冷氣機01\",\"roomName\":\"公司02\",\"status\":\"關\"}',1,'27c768d3-7d20-4de5-8d4b-1ba7ff88b124','2024-05-31 12:00:00.338000','設備開關'),(6428,'{\"deviceType\":\"冷氣機\",\"roomArea\":\"600\",\"deviceName\":\"冷氣機01\",\"roomName\":\"公司02\",\"status\":\"開\"}',1,'af49d617-dc1b-4668-bdaa-5c1853889697','2024-06-01 02:00:00.430000','設備開關'),(6429,'{\"deviceType\":\"冷氣機\",\"roomArea\":\"600\",\"deviceName\":\"冷氣機01\",\"roomName\":\"公司02\",\"status\":\"關\"}',1,'e8ecae4f-a234-4335-9c49-7c616c25ca15','2024-06-01 16:00:00.522000','設備開關'),(6430,'{\"deviceType\":\"冷氣機\",\"roomArea\":\"600\",\"deviceName\":\"冷氣機01\",\"roomName\":\"公司02\",\"status\":\"開\"}',1,'c1880138-b3f9-40ea-9372-c6068f0e37f8','2024-06-02 04:00:00.601000','設備開關'),(6431,'{\"deviceType\":\"冷氣機\",\"roomArea\":\"600\",\"deviceName\":\"冷氣機01\",\"roomName\":\"公司02\",\"status\":\"關\"}',1,'2f59bfae-8c74-4232-8b9d-d2379ba3a4f0','2024-06-02 11:00:00.693000','設備開關'),(6432,'{\"deviceType\":\"冷氣機\",\"roomArea\":\"600\",\"deviceName\":\"冷氣機01\",\"roomName\":\"公司02\",\"status\":\"開\"}',1,'2a4dd17b-dce3-46f5-a10b-64be486f403a','2024-06-03 05:00:00.786000','設備開關'),(6433,'{\"deviceType\":\"冷氣機\",\"roomArea\":\"600\",\"deviceName\":\"冷氣機01\",\"roomName\":\"公司02\",\"status\":\"關\"}',1,'d7c20045-d2e5-421f-9069-9b05fb9f043b','2024-06-03 14:00:00.849000','設備開關'),(6434,'{\"deviceType\":\"冷氣機\",\"roomArea\":\"600\",\"deviceName\":\"冷氣機01\",\"roomName\":\"公司02\",\"status\":\"開\"}',1,'e59b7cfd-2414-449d-92b5-160606f33357','2024-06-04 04:00:00.914000','設備開關'),(6435,'{\"deviceType\":\"冷氣機\",\"roomArea\":\"600\",\"deviceName\":\"冷氣機01\",\"roomName\":\"公司02\",\"status\":\"關\"}',1,'1382b35b-4e26-4717-a55e-b280ec2be24e','2024-06-04 12:00:00.004000','設備開關'),(6436,'{\"deviceType\":\"冷氣機\",\"roomArea\":\"600\",\"deviceName\":\"冷氣機01\",\"roomName\":\"公司02\",\"status\":\"開\"}',1,'b34fa6ec-5f70-43a3-b765-965c1d1942bd','2024-06-05 00:00:00.097000','設備開關'),(6437,'{\"deviceType\":\"冷氣機\",\"roomArea\":\"600\",\"deviceName\":\"冷氣機01\",\"roomName\":\"公司02\",\"status\":\"關\"}',1,'38683bfa-b644-4381-b049-fa34df044b46','2024-06-05 13:00:00.173000','設備開關'),(6438,'{\"deviceType\":\"冷氣機\",\"roomArea\":\"600\",\"deviceName\":\"冷氣機01\",\"roomName\":\"公司02\",\"status\":\"開\"}',1,'544720fb-d482-45ef-affb-3c486dc17a6b','2024-06-06 05:00:00.236000','設備開關'),(6439,'{\"deviceType\":\"冷氣機\",\"roomArea\":\"600\",\"deviceName\":\"冷氣機01\",\"roomName\":\"公司02\",\"status\":\"關\"}',1,'3d0467a9-bebf-4aac-a1cd-6be6a40488e8','2024-06-06 12:00:00.327000','設備開關'),(6440,'{\"deviceType\":\"冷氣機\",\"roomArea\":\"600\",\"deviceName\":\"冷氣機01\",\"roomName\":\"公司02\",\"status\":\"開\"}',1,'d1e13906-46d4-4670-8010-e24ff492c85f','2024-06-07 00:00:00.419000','設備開關'),(6441,'{\"deviceType\":\"冷氣機\",\"roomArea\":\"600\",\"deviceName\":\"冷氣機01\",\"roomName\":\"公司02\",\"status\":\"關\"}',1,'8baa6cb1-fe19-4d26-9961-1d1c257d0a4a','2024-06-07 17:00:00.511000','設備開關'),(6442,'{\"deviceType\":\"冷氣機\",\"roomArea\":\"600\",\"deviceName\":\"冷氣機01\",\"roomName\":\"公司02\",\"status\":\"開\"}',1,'85f213e7-bb26-4803-a52a-30bf6507a8c6','2024-06-08 07:00:00.605000','設備開關'),(6443,'{\"deviceType\":\"冷氣機\",\"roomArea\":\"600\",\"deviceName\":\"冷氣機01\",\"roomName\":\"公司02\",\"status\":\"關\"}',1,'66d89969-f833-4cdd-9a77-2fec89fe7d75','2024-06-08 13:00:00.698000','設備開關'),(6444,'{\"deviceType\":\"冷氣機\",\"roomArea\":\"600\",\"deviceName\":\"冷氣機01\",\"roomName\":\"公司02\",\"status\":\"開\"}',1,'3042002f-1b27-48ff-a4df-3d32ea0bd774','2024-06-09 04:00:00.775000','設備開關'),(6445,'{\"deviceType\":\"冷氣機\",\"roomArea\":\"600\",\"deviceName\":\"冷氣機01\",\"roomName\":\"公司02\",\"status\":\"關\"}',1,'9b38a338-520a-499b-8ac2-c04b236cce20','2024-06-09 20:00:00.836000','設備開關'),(6446,'{\"deviceType\":\"冷氣機\",\"roomArea\":\"600\",\"deviceName\":\"冷氣機01\",\"roomName\":\"公司02\",\"status\":\"開\"}',1,'7e4d69d6-2cca-44d4-83f6-15e1aa90cb88','2024-06-10 03:00:00.926000','設備開關'),(6447,'{\"deviceType\":\"冷氣機\",\"roomArea\":\"600\",\"deviceName\":\"冷氣機01\",\"roomName\":\"公司02\",\"status\":\"關\"}',1,'2b2c2094-8681-479f-a71b-1879b53ac719','2024-06-10 14:00:00.989000','設備開關'),(6448,'{\"deviceType\":\"冷氣機\",\"roomArea\":\"600\",\"deviceName\":\"冷氣機01\",\"roomName\":\"公司02\",\"status\":\"開\"}',1,'cbeb0f74-3329-4fb8-b177-e64dd59823e6','2024-06-11 06:00:00.080000','設備開關'),(6449,'{\"deviceType\":\"冷氣機\",\"roomArea\":\"600\",\"deviceName\":\"冷氣機01\",\"roomName\":\"公司02\",\"status\":\"關\"}',1,'da06d3db-369b-447f-8b56-83d7fc2aa86a','2024-06-11 15:00:00.157000','設備開關'),(6450,'{\"deviceType\":\"冷氣機\",\"roomArea\":\"600\",\"deviceName\":\"冷氣機01\",\"roomName\":\"公司02\",\"status\":\"開\"}',1,'452d4d12-334b-4a02-b24d-3c0306f98e67','2024-06-12 04:00:00.218000','設備開關'),(6451,'{\"deviceType\":\"冷氣機\",\"roomArea\":\"600\",\"deviceName\":\"冷氣機01\",\"roomName\":\"公司02\",\"status\":\"關\"}',1,'421957ba-b9f9-4d40-ad05-9c21ee1627b0','2024-06-12 17:00:00.295000','設備開關'),(6452,'{\"deviceType\":\"冷氣機\",\"roomArea\":\"600\",\"deviceName\":\"冷氣機01\",\"roomName\":\"公司02\",\"status\":\"開\"}',1,'8bb04eb2-e0fc-49ec-82c3-d319dcac41cf','2024-06-13 04:00:00.371000','設備開關'),(6453,'{\"deviceType\":\"冷氣機\",\"roomArea\":\"600\",\"deviceName\":\"冷氣機01\",\"roomName\":\"公司02\",\"status\":\"關\"}',1,'82b27282-4d6c-4730-a030-8c74e34d8f40','2024-06-13 14:00:00.464000','設備開關'),(6454,'{\"deviceType\":\"冷氣機\",\"roomArea\":\"600\",\"deviceName\":\"冷氣機01\",\"roomName\":\"公司02\",\"status\":\"開\"}',1,'e8802c99-6ed2-46f6-b2d1-21fd92620129','2024-06-14 05:00:00.541000','設備開關'),(6455,'{\"deviceType\":\"冷氣機\",\"roomArea\":\"600\",\"deviceName\":\"冷氣機01\",\"roomName\":\"公司02\",\"status\":\"關\"}',1,'32c492c5-0621-491d-a970-a2341bdfc704','2024-06-14 09:00:00.618000','設備開關'),(6456,'{\"deviceType\":\"冷氣機\",\"roomArea\":\"600\",\"deviceName\":\"冷氣機01\",\"roomName\":\"公司02\",\"status\":\"開\"}',1,'cd5bd545-f50e-41f0-8935-8411738b6e51','2024-06-15 07:00:00.681000','設備開關'),(6457,'{\"deviceType\":\"冷氣機\",\"roomArea\":\"600\",\"deviceName\":\"冷氣機01\",\"roomName\":\"公司02\",\"status\":\"關\"}',1,'374c7bea-1812-43b1-a5d1-da1dbd1058ad','2024-06-15 18:00:00.758000','設備開關'),(6458,'{\"deviceType\":\"冷氣機\",\"roomArea\":\"600\",\"deviceName\":\"冷氣機01\",\"roomName\":\"公司02\",\"status\":\"開\"}',1,'872123d3-95c6-400a-9ca9-dacbcf1c9caf','2024-06-16 05:00:00.836000','設備開關'),(6459,'{\"deviceType\":\"冷氣機\",\"roomArea\":\"600\",\"deviceName\":\"冷氣機01\",\"roomName\":\"公司02\",\"status\":\"關\"}',1,'48568f23-9553-41c6-b360-9ecf1f787320','2024-06-16 14:00:00.913000','設備開關'),(6460,'{\"deviceType\":\"冷氣機\",\"roomArea\":\"600\",\"deviceName\":\"冷氣機01\",\"roomName\":\"公司02\",\"status\":\"開\"}',1,'75550f90-b6a8-4102-818d-13a2eec6fa2d','2024-06-17 06:00:00.975000','設備開關'),(6461,'{\"deviceType\":\"冷氣機\",\"roomArea\":\"600\",\"deviceName\":\"冷氣機01\",\"roomName\":\"公司02\",\"status\":\"關\"}',1,'6d0fd386-bdd1-42bc-b229-a16f2c2b63f9','2024-06-17 17:00:00.052000','設備開關'),(6462,'{\"deviceType\":\"冷氣機\",\"roomArea\":\"600\",\"deviceName\":\"冷氣機01\",\"roomName\":\"公司02\",\"status\":\"開\"}',1,'3dbe2c4f-19d4-4c7b-a068-33419011108e','2024-06-18 06:00:00.130000','設備開關'),(6463,'{\"deviceType\":\"冷氣機\",\"roomArea\":\"600\",\"deviceName\":\"冷氣機01\",\"roomName\":\"公司02\",\"status\":\"關\"}',1,'74e19664-87a3-40b6-b84e-bb2f6e909cfa','2024-06-18 20:00:00.224000','設備開關'),(6464,'{\"deviceType\":\"冷氣機\",\"roomArea\":\"600\",\"deviceName\":\"冷氣機01\",\"roomName\":\"公司02\",\"status\":\"開\"}',1,'040e5db1-5b2b-4ab7-968c-4c678ac5a5fa','2024-06-19 05:00:00.316000','設備開關'),(6465,'{\"deviceType\":\"冷氣機\",\"roomArea\":\"600\",\"deviceName\":\"冷氣機01\",\"roomName\":\"公司02\",\"status\":\"關\"}',1,'065a03c7-1bb9-47bd-9ef0-5fd762e63b90','2024-06-19 12:00:00.394000','設備開關'),(6466,'{\"deviceType\":\"冷氣機\",\"roomArea\":\"600\",\"deviceName\":\"冷氣機01\",\"roomName\":\"公司02\",\"status\":\"開\"}',1,'99d10458-6ca9-4aa2-ab1f-a0f277b2ea22','2024-06-20 03:00:00.471000','設備開關'),(6467,'{\"deviceType\":\"冷氣機\",\"roomArea\":\"600\",\"deviceName\":\"冷氣機01\",\"roomName\":\"公司02\",\"status\":\"關\"}',1,'aaf402e1-daa1-4d67-855b-69d302695c18','2024-06-20 19:00:00.532000','設備開關'),(6468,'{\"deviceType\":\"冷氣機\",\"roomArea\":\"600\",\"deviceName\":\"冷氣機01\",\"roomName\":\"公司02\",\"status\":\"開\"}',1,'b3dd1b4f-b31e-4ebb-b89d-53dc24ac48ff','2024-06-21 06:00:00.596000','設備開關'),(6469,'{\"deviceType\":\"冷氣機\",\"roomArea\":\"600\",\"deviceName\":\"冷氣機01\",\"roomName\":\"公司02\",\"status\":\"關\"}',1,'76036db3-9c06-41e5-bd67-42ded8d5246a','2024-06-21 19:00:00.687000','設備開關'),(6470,'{\"deviceType\":\"冷氣機\",\"roomArea\":\"600\",\"deviceName\":\"冷氣機01\",\"roomName\":\"公司02\",\"status\":\"開\"}',1,'38c40a35-280e-4ec9-8d0f-5855b64c44ca','2024-06-22 01:00:00.777000','設備開關'),(6471,'{\"deviceType\":\"冷氣機\",\"roomArea\":\"600\",\"deviceName\":\"冷氣機01\",\"roomName\":\"公司02\",\"status\":\"關\"}',1,'d791e314-34e1-487d-bd46-b51e01b38c0a','2024-06-22 16:00:00.869000','設備開關'),(6472,'{\"deviceType\":\"冷氣機\",\"roomArea\":\"600\",\"deviceName\":\"冷氣機01\",\"roomName\":\"公司02\",\"status\":\"開\"}',1,'2762b0f5-3ae8-4637-9a5a-06c24584b3cc','2024-06-23 06:00:00.946000','設備開關'),(6473,'{\"deviceType\":\"冷氣機\",\"roomArea\":\"600\",\"deviceName\":\"冷氣機01\",\"roomName\":\"公司02\",\"status\":\"關\"}',1,'306bd4f5-7c99-4ac3-9d9e-aaa14037fff3','2024-06-23 14:00:00.024000','設備開關'),(6474,'{\"deviceType\":\"冷氣機\",\"roomArea\":\"600\",\"deviceName\":\"冷氣機01\",\"roomName\":\"公司02\",\"status\":\"開\"}',1,'029c23be-28b6-45d6-a096-38d466058c2b','2024-06-24 00:00:00.115000','設備開關'),(6475,'{\"deviceType\":\"冷氣機\",\"roomArea\":\"600\",\"deviceName\":\"冷氣機01\",\"roomName\":\"公司02\",\"status\":\"關\"}',1,'05e239ce-6295-4195-b274-570716e4f00b','2024-06-24 20:00:00.194000','設備開關'),(6476,'{\"deviceType\":\"冷氣機\",\"roomArea\":\"600\",\"deviceName\":\"冷氣機01\",\"roomName\":\"公司02\",\"status\":\"開\"}',1,'ff96a558-d04b-48da-a48b-39b9d7e0ca20','2024-06-25 01:00:00.271000','設備開關'),(6477,'{\"deviceType\":\"冷氣機\",\"roomArea\":\"600\",\"deviceName\":\"冷氣機01\",\"roomName\":\"公司02\",\"status\":\"關\"}',1,'b71f0021-0715-4d52-b467-6e351656ce7a','2024-06-25 13:00:00.363000','設備開關'),(6478,'{\"deviceType\":\"冷氣機\",\"roomArea\":\"600\",\"deviceName\":\"冷氣機01\",\"roomName\":\"公司02\",\"status\":\"開\"}',1,'a015b442-a4c5-426a-921c-aa9fc67b935a','2024-06-26 00:00:00.455000','設備開關'),(6479,'{\"deviceType\":\"冷氣機\",\"roomArea\":\"600\",\"deviceName\":\"冷氣機01\",\"roomName\":\"公司02\",\"status\":\"關\"}',1,'ec41b77a-504f-4c54-a47d-5d55bf070995','2024-06-26 17:00:00.546000','設備開關'),(6480,'{\"deviceType\":\"冷氣機\",\"roomArea\":\"600\",\"deviceName\":\"冷氣機01\",\"roomName\":\"公司02\",\"status\":\"開\"}',1,'05b79a0f-c751-4ddb-989e-688dda3fca7c','2024-06-27 01:00:00.639000','設備開關'),(6481,'{\"deviceType\":\"冷氣機\",\"roomArea\":\"600\",\"deviceName\":\"冷氣機01\",\"roomName\":\"公司02\",\"status\":\"關\"}',1,'691b6ad5-e42b-4f89-843e-b01a2bd691cc','2024-06-27 15:00:00.730000','設備開關'),(6482,'{\"deviceType\":\"冷氣機\",\"roomArea\":\"600\",\"deviceName\":\"冷氣機01\",\"roomName\":\"公司02\",\"status\":\"開\"}',1,'2b175133-5e46-441c-b006-433fcf0dbcf5','2024-06-28 05:00:00.807000','設備開關'),(6483,'{\"deviceType\":\"冷氣機\",\"roomArea\":\"600\",\"deviceName\":\"冷氣機01\",\"roomName\":\"公司02\",\"status\":\"關\"}',1,'36ff3151-bec2-460b-99b3-c14f2819cbe6','2024-06-28 14:00:00.899000','設備開關'),(6484,'{\"deviceType\":\"冷氣機\",\"roomArea\":\"600\",\"deviceName\":\"冷氣機01\",\"roomName\":\"公司02\",\"status\":\"開\"}',1,'60c455bf-8750-406a-b0bc-187318fa8cda','2024-06-29 01:00:00.961000','設備開關'),(6485,'{\"deviceType\":\"冷氣機\",\"roomArea\":\"600\",\"deviceName\":\"冷氣機01\",\"roomName\":\"公司02\",\"status\":\"關\"}',1,'6edfad70-02dd-49cf-80af-c85bde1efd30','2024-06-29 16:00:00.037000','設備開關'),(6486,'{\"deviceType\":\"冷氣機\",\"roomArea\":\"600\",\"deviceName\":\"冷氣機01\",\"roomName\":\"公司02\",\"status\":\"開\"}',1,'ffa9e35d-4b3f-450c-bf02-5669f9856ec9','2024-06-30 04:00:00.099000','設備開關'),(6487,'{\"deviceType\":\"冷氣機\",\"roomArea\":\"600\",\"deviceName\":\"冷氣機01\",\"roomName\":\"公司02\",\"status\":\"關\"}',1,'81deed5b-9693-497b-8f37-843d84b9df1e','2024-06-30 15:00:00.176000','設備開關'),(6488,'{\"deviceType\":\"冷氣機\",\"roomArea\":\"600\",\"deviceName\":\"冷氣機01\",\"roomName\":\"公司02\",\"status\":\"開\"}',1,'915908b1-c8ed-4a36-a726-82d98dffa058','2024-07-01 07:00:00.252000','設備開關'),(6489,'{\"deviceType\":\"冷氣機\",\"roomArea\":\"600\",\"deviceName\":\"冷氣機01\",\"roomName\":\"公司02\",\"status\":\"關\"}',1,'66bbd13c-3c25-4a99-8258-a20765567040','2024-07-01 17:00:00.270000','設備開關'),(6490,'{\"deviceType\":\"冷氣機\",\"roomArea\":\"600\",\"deviceName\":\"冷氣機01\",\"roomName\":\"公司02\",\"status\":\"開\"}',1,'051f7772-8d72-4ab6-99c0-35afef72b8be','2024-07-02 06:00:00.347000','設備開關'),(6491,'{\"deviceType\":\"冷氣機\",\"roomArea\":\"600\",\"deviceName\":\"冷氣機01\",\"roomName\":\"公司02\",\"status\":\"關\"}',1,'e4354bbe-d3a4-4c94-a46a-cdd8255953a1','2024-07-02 22:00:00.408000','設備開關'),(6492,'{\"deviceType\":\"冷氣機\",\"roomArea\":\"600\",\"deviceName\":\"冷氣機01\",\"roomName\":\"公司02\",\"status\":\"開\"}',1,'b94eb5b3-9daa-4acc-8652-bf71b7bda8d2','2024-07-03 03:00:00.486000','設備開關'),(6493,'{\"deviceType\":\"冷氣機\",\"roomArea\":\"600\",\"deviceName\":\"冷氣機01\",\"roomName\":\"公司02\",\"status\":\"關\"}',1,'9dbe8f6c-4b53-4543-a7dd-08ac63e9de82','2024-07-03 11:00:00.563000','設備開關'),(6494,'{\"deviceType\":\"冷氣機\",\"roomArea\":\"600\",\"deviceName\":\"冷氣機01\",\"roomName\":\"公司02\",\"status\":\"開\"}',1,'189422e0-9cd0-49a4-bec3-cf6b568e3674','2024-07-04 04:00:00.641000','設備開關'),(6495,'{\"deviceType\":\"冷氣機\",\"roomArea\":\"600\",\"deviceName\":\"冷氣機01\",\"roomName\":\"公司02\",\"status\":\"關\"}',1,'db18f020-c705-41f7-9c6d-c1aea9fb49fa','2024-07-04 14:00:00.732000','設備開關'),(6496,'{\"deviceType\":\"冷氣機\",\"roomArea\":\"600\",\"deviceName\":\"冷氣機01\",\"roomName\":\"公司02\",\"status\":\"開\"}',1,'17470587-8f60-4371-b563-3f5edae4b17e','2024-07-05 01:00:00.795000','設備開關'),(6497,'{\"deviceType\":\"冷氣機\",\"roomArea\":\"600\",\"deviceName\":\"冷氣機01\",\"roomName\":\"公司02\",\"status\":\"關\"}',1,'5bcea142-b268-421b-b513-ba9897df1cce','2024-07-05 16:00:00.871000','設備開關'),(6498,'{\"deviceType\":\"冷氣機\",\"roomArea\":\"600\",\"deviceName\":\"冷氣機01\",\"roomName\":\"公司02\",\"status\":\"開\"}',1,'c19f9695-cd33-4977-8d05-4ad1100a3d48','2024-07-06 07:00:00.962000','設備開關'),(6499,'{\"deviceType\":\"冷氣機\",\"roomArea\":\"600\",\"deviceName\":\"冷氣機01\",\"roomName\":\"公司02\",\"status\":\"關\"}',1,'f85f29db-36a6-46c6-a5bc-d157d08775b2','2024-07-06 22:00:00.039000','設備開關'),(6500,'{\"deviceType\":\"冷氣機\",\"roomArea\":\"600\",\"deviceName\":\"冷氣機01\",\"roomName\":\"公司02\",\"status\":\"開\"}',1,'9f1ab75f-48eb-4899-b80d-4bedfa796101','2024-07-07 06:00:00.099000','設備開關'),(6501,'{\"deviceType\":\"冷氣機\",\"roomArea\":\"600\",\"deviceName\":\"冷氣機01\",\"roomName\":\"公司02\",\"status\":\"關\"}',1,'11acb6de-1876-462a-90d9-f1de51bfbb24','2024-07-07 14:00:00.192000','設備開關'),(6502,'{\"deviceType\":\"冷氣機\",\"roomArea\":\"600\",\"deviceName\":\"冷氣機01\",\"roomName\":\"公司02\",\"status\":\"開\"}',1,'0b81e91f-c02a-42a4-920f-b7c85c8997e0','2024-07-08 07:00:00.268000','設備開關'),(6503,'{\"deviceType\":\"冷氣機\",\"roomArea\":\"600\",\"deviceName\":\"冷氣機01\",\"roomName\":\"公司02\",\"status\":\"關\"}',1,'6f0c4685-d65b-476f-985a-c8313bd3888d','2024-07-08 11:00:00.345000','設備開關'),(6504,'{\"deviceType\":\"冷氣機\",\"roomArea\":\"600\",\"deviceName\":\"冷氣機01\",\"roomName\":\"公司02\",\"status\":\"開\"}',1,'7013d704-bab4-44eb-9dbf-96bd7040a287','2024-07-09 01:00:00.437000','設備開關'),(6505,'{\"deviceType\":\"冷氣機\",\"roomArea\":\"600\",\"deviceName\":\"冷氣機01\",\"roomName\":\"公司02\",\"status\":\"關\"}',1,'b6484efc-6b09-44fe-bd8d-598079e619c8','2024-07-10 00:00:00.515000','設備開關'),(6506,'{\"deviceType\":\"冷氣機\",\"roomArea\":\"600\",\"deviceName\":\"冷氣機01\",\"roomName\":\"公司02\",\"status\":\"開\"}',1,'d6db1542-8f54-44e2-ace0-4931ad0a5d1b','2024-07-10 04:00:00.608000','設備開關'),(6507,'{\"deviceType\":\"冷氣機\",\"roomArea\":\"600\",\"deviceName\":\"冷氣機01\",\"roomName\":\"公司02\",\"status\":\"關\"}',1,'d600aba2-d887-46a5-a598-52de054c3daf','2024-07-10 14:00:00.687000','設備開關'),(6508,'{\"deviceType\":\"冷氣機\",\"roomArea\":\"600\",\"deviceName\":\"冷氣機01\",\"roomName\":\"公司02\",\"status\":\"開\"}',1,'ba581f6c-43d7-45b6-8a8a-7e50346079ba','2024-07-11 08:00:00.764000','設備開關'),(6509,'{\"deviceType\":\"冷氣機\",\"roomArea\":\"600\",\"deviceName\":\"冷氣機01\",\"roomName\":\"公司02\",\"status\":\"關\"}',1,'d4a8edf5-611c-49ce-ae40-8fb429deb609','2024-07-11 19:00:00.841000','設備開關'),(6510,'{\"deviceType\":\"冷氣機\",\"roomArea\":\"600\",\"deviceName\":\"冷氣機01\",\"roomName\":\"公司02\",\"status\":\"開\"}',1,'8ae662a9-029e-4781-93e8-8edb522e9dd9','2024-07-12 01:00:00.935000','設備開關'),(6511,'{\"deviceType\":\"冷氣機\",\"roomArea\":\"600\",\"deviceName\":\"冷氣機01\",\"roomName\":\"公司02\",\"status\":\"關\"}',1,'d1cada31-4ea0-4c27-b50e-88113330287c','2024-07-12 21:00:00.012000','設備開關'),(6512,'{\"deviceType\":\"冷氣機\",\"roomArea\":\"600\",\"deviceName\":\"冷氣機01\",\"roomName\":\"公司02\",\"status\":\"開\"}',1,'cef73de6-9cc2-4ac3-919d-6e8020f3c215','2024-07-13 05:00:00.089000','設備開關'),(6513,'{\"deviceType\":\"冷氣機\",\"roomArea\":\"600\",\"deviceName\":\"冷氣機01\",\"roomName\":\"公司02\",\"status\":\"關\"}',1,'e7a0e247-c9b6-4fff-9261-fba6e0098d17','2024-07-13 18:00:00.150000','設備開關'),(6514,'{\"deviceType\":\"冷氣機\",\"roomArea\":\"600\",\"deviceName\":\"冷氣機01\",\"roomName\":\"公司02\",\"status\":\"開\"}',1,'646b0baf-6247-4482-8b79-a6130129ebe8','2024-07-14 03:00:00.228000','設備開關'),(6515,'{\"deviceType\":\"冷氣機\",\"roomArea\":\"600\",\"deviceName\":\"冷氣機01\",\"roomName\":\"公司02\",\"status\":\"關\"}',1,'7b65ee24-ead8-48c5-a7f0-091a48bd375a','2024-07-14 21:00:00.322000','設備開關'),(6516,'{\"deviceType\":\"冷氣機\",\"roomArea\":\"600\",\"deviceName\":\"冷氣機01\",\"roomName\":\"公司02\",\"status\":\"開\"}',1,'e9a9a364-c549-4211-b06c-ae2ca2a9baee','2024-07-15 01:00:00.400000','設備開關'),(6517,'{\"deviceType\":\"冷氣機\",\"roomArea\":\"600\",\"deviceName\":\"冷氣機01\",\"roomName\":\"公司02\",\"status\":\"關\"}',1,'402812c1-23b7-4855-9f00-5085ed45737e','2024-07-15 18:00:00.494000','設備開關'),(6518,'{\"deviceType\":\"冷氣機\",\"roomArea\":\"600\",\"deviceName\":\"冷氣機01\",\"roomName\":\"公司02\",\"status\":\"開\"}',1,'320ad6e4-6a2c-407e-95fb-bb7da99b0cfe','2024-07-16 01:00:00.572000','設備開關'),(6519,'{\"deviceType\":\"冷氣機\",\"roomArea\":\"600\",\"deviceName\":\"冷氣機01\",\"roomName\":\"公司02\",\"status\":\"關\"}',1,'12feb94f-0aa1-44fe-bfda-224d3afa5985','2024-07-16 22:00:00.665000','設備開關'),(6520,'{\"deviceType\":\"冷氣機\",\"roomArea\":\"600\",\"deviceName\":\"冷氣機01\",\"roomName\":\"公司02\",\"status\":\"開\"}',1,'1337a4f1-5c63-4847-9a31-4dd2f3397824','2024-07-17 06:00:00.741000','設備開關'),(6521,'{\"deviceType\":\"冷氣機\",\"roomArea\":\"600\",\"deviceName\":\"冷氣機01\",\"roomName\":\"公司02\",\"status\":\"關\"}',1,'da102eb5-3682-4a11-b8bd-9b4289291452','2024-07-17 17:00:00.817000','設備開關'),(6522,'{\"deviceType\":\"冷氣機\",\"roomArea\":\"600\",\"deviceName\":\"冷氣機01\",\"roomName\":\"公司02\",\"status\":\"開\"}',1,'19282717-2742-414d-9f57-7cca252be1f8','2024-07-18 02:00:00.910000','設備開關'),(6523,'{\"deviceType\":\"冷氣機\",\"roomArea\":\"600\",\"deviceName\":\"冷氣機01\",\"roomName\":\"公司02\",\"status\":\"關\"}',1,'252d0722-8edd-4a1e-855a-648f355194d3','2024-07-18 16:00:00.971000','設備開關'),(6524,'{\"deviceType\":\"冷氣機\",\"roomArea\":\"600\",\"deviceName\":\"冷氣機01\",\"roomName\":\"公司02\",\"status\":\"開\"}',1,'e6015fc9-3737-4c6c-87eb-c3bdef284a05','2024-07-19 03:00:00.064000','設備開關'),(6525,'{\"deviceType\":\"冷氣機\",\"roomArea\":\"600\",\"deviceName\":\"冷氣機01\",\"roomName\":\"公司02\",\"status\":\"關\"}',1,'630b0af8-7ce6-4c2f-a34f-91bd1660d32a','2024-07-19 18:00:00.126000','設備開關'),(6526,'{\"deviceType\":\"冷氣機\",\"roomArea\":\"600\",\"deviceName\":\"冷氣機01\",\"roomName\":\"公司02\",\"status\":\"開\"}',1,'d4dd4058-ac49-45a5-9481-6aeda8213663','2024-07-20 03:00:00.204000','設備開關'),(6527,'{\"deviceType\":\"冷氣機\",\"roomArea\":\"600\",\"deviceName\":\"冷氣機01\",\"roomName\":\"公司02\",\"status\":\"關\"}',1,'b46161e8-08b9-4a05-9ae2-608fea7c2bde','2024-07-20 21:00:00.266000','設備開關'),(6528,'{\"deviceType\":\"冷氣機\",\"roomArea\":\"600\",\"deviceName\":\"冷氣機01\",\"roomName\":\"公司02\",\"status\":\"開\"}',1,'1593fe1e-8df3-4f32-b88b-36670f075c6b','2024-07-21 01:00:00.358000','設備開關'),(6529,'{\"deviceType\":\"冷氣機\",\"roomArea\":\"600\",\"deviceName\":\"冷氣機01\",\"roomName\":\"公司02\",\"status\":\"關\"}',1,'2612f371-3c86-4113-a882-b34c4ebdffd2','2024-07-21 14:00:00.435000','設備開關'),(6530,'{\"deviceType\":\"冷氣機\",\"roomArea\":\"600\",\"deviceName\":\"冷氣機01\",\"roomName\":\"公司02\",\"status\":\"開\"}',1,'2dfc924f-435e-4b5a-a6bd-d5eea639a29b','2024-07-22 02:00:00.527000','設備開關'),(6531,'{\"deviceType\":\"冷氣機\",\"roomArea\":\"600\",\"deviceName\":\"冷氣機01\",\"roomName\":\"公司02\",\"status\":\"關\"}',1,'b6c1cbee-6ac7-4f63-9110-de80c1d04c15','2024-07-22 15:00:00.605000','設備開關');
/*!40000 ALTER TABLE `history` ENABLE KEYS */;
UNLOCK TABLES;

--
-- Table structure for table `light`
--

DROP TABLE IF EXISTS `light`;
/*!40101 SET @saved_cs_client     = @@character_set_client */;
/*!50503 SET character_set_client = utf8mb4 */;
CREATE TABLE `light` (
  `id` bigint NOT NULL,
  `brightness` int NOT NULL,
  `color_temp` int NOT NULL,
  PRIMARY KEY (`id`),
  CONSTRAINT `FKnga41f0gse0cg6vx8amtkx2ah` FOREIGN KEY (`id`) REFERENCES `device` (`id`)
) ENGINE=InnoDB DEFAULT CHARSET=utf8mb4 COLLATE=utf8mb4_0900_ai_ci;
/*!40101 SET character_set_client = @saved_cs_client */;

--
-- Dumping data for table `light`
--

LOCK TABLES `light` WRITE;
/*!40000 ALTER TABLE `light` DISABLE KEYS */;
INSERT INTO `light` VALUES (19,10,0),(20,10,0),(21,10,0),(22,10,0),(23,10,0),(24,10,0);
/*!40000 ALTER TABLE `light` ENABLE KEYS */;
UNLOCK TABLES;

--
-- Table structure for table `room`
--

DROP TABLE IF EXISTS `room`;
/*!40101 SET @saved_cs_client     = @@character_set_client */;
/*!50503 SET character_set_client = utf8mb4 */;
CREATE TABLE `room` (
  `id` bigint NOT NULL AUTO_INCREMENT,
  `area` varchar(255) DEFAULT NULL,
  `name` varchar(255) DEFAULT NULL,
  `status` bit(1) DEFAULT NULL,
  `type` varchar(255) DEFAULT NULL,
  PRIMARY KEY (`id`)
) ENGINE=InnoDB AUTO_INCREMENT=415 DEFAULT CHARSET=utf8mb4 COLLATE=utf8mb4_0900_ai_ci;
/*!40101 SET character_set_client = @saved_cs_client */;

--
-- Dumping data for table `room`
--

LOCK TABLES `room` WRITE;
/*!40000 ALTER TABLE `room` DISABLE KEYS */;
INSERT INTO `room` VALUES (1,'600','公司02',_binary '','公司'),(2,'601','會議室01',_binary '','會議室'),(3,'602','公共區域01',_binary '','公共區域'),(4,'603','廁所01',_binary '','廁所'),(5,'604','教室01',_binary '','教室'),(6,'605','其他01',_binary '','其他');
/*!40000 ALTER TABLE `room` ENABLE KEYS */;
UNLOCK TABLES;
/*!40103 SET TIME_ZONE=@OLD_TIME_ZONE */;

/*!40101 SET SQL_MODE=@OLD_SQL_MODE */;
/*!40014 SET FOREIGN_KEY_CHECKS=@OLD_FOREIGN_KEY_CHECKS */;
/*!40014 SET UNIQUE_CHECKS=@OLD_UNIQUE_CHECKS */;
/*!40101 SET CHARACTER_SET_CLIENT=@OLD_CHARACTER_SET_CLIENT */;
/*!40101 SET CHARACTER_SET_RESULTS=@OLD_CHARACTER_SET_RESULTS */;
/*!40101 SET COLLATION_CONNECTION=@OLD_COLLATION_CONNECTION */;
/*!40111 SET SQL_NOTES=@OLD_SQL_NOTES */;

-- Dump completed on 2024-07-18 13:11:21
